Taxon	NormalizedWeight	Selected
Bacteria;Synergistetes;Synergistia;Synergistales;Synergistaceae;Fretibacterium;fastidiosum	1	1
Bacteria;Spirochaetes;Spirochaetia;Spirochaetales;Spirochaetaceae;Treponema;denticola	0.988696141834829	1
Bacteria;Synergistetes;Synergistia;Synergistales;Synergistaceae;Fretibacterium;sp._HMT_359	0.968810024870292	1
Bacteria;Firmicutes;Clostridia;Clostridiales;Peptostreptococcaceae_[XI];Filifactor;alocis	0.929816430895452	1
Bacteria;Bacteroidetes;Bacteroidia;Bacteroidales;Porphyromonadaceae;Porphyromonas;gingivalis	0.923259973691285	1
Bacteria;Bacteroidetes;Bacteroidia;Bacteroidales;Prevotellaceae;Prevotella;intermedia	0.898804874181602	1
Bacteria;Synergistetes;Synergistia;Synergistales;Synergistaceae;Fretibacterium;sp._HMT_360	0.884377904385422	1
Bacteria;Bacteroidetes;Bacteroidia;Bacteroidales;Porphyromonadaceae;Tannerella;forsythia	0.827808414717081	1
Bacteria;Fusobacteria;Fusobacteriia;Fusobacteriales;Leptotrichiaceae;Leptotrichia;buccalis	0.793887414761139	1
Bacteria;Actinobacteria;Actinobacteria;Actinomycetales;Micrococcaceae;Rothia;aeria	0.740896785993225	1
Bacteria;Firmicutes;Negativicutes;Veillonellales;Veillonellaceae;Dialister;pneumosintes	0.736393492884386	1
Bacteria;Firmicutes;Clostridia;Clostridiales;Peptostreptococcaceae_[XI];Peptostreptococcaceae_[XI][G-5];[Eubacterium]_saphenum	0.730142794748731	1
Bacteria;Bacteroidetes;Bacteroidia;Bacteroidales;Porphyromonadaceae;Porphyromonas;endodontalis	0.717746687202399	1
Bacteria;Proteobacteria;Betaproteobacteria;Neisseriales;Neisseriaceae;Neisseria;elongata	0.698587773052922	1
Bacteria;Spirochaetes;Spirochaetia;Spirochaetales;Spirochaetaceae;Treponema;maltophilum	0.687324861409551	1
Bacteria;Firmicutes;Clostridia;Clostridiales;Peptostreptococcaceae_[XI];Peptostreptococcaceae_[XI][G-4];bacterium_HMT_369	0.683648895107226	1
Bacteria;Firmicutes;Clostridia;Clostridiales;Lachnospiraceae_[XIV];Lachnospiraceae_[G-8];bacterium_HMT_500	0.673733833652298	1
Bacteria;Bacteroidetes;Flavobacteriia;Flavobacteriales;Flavobacteriaceae;Capnocytophaga;sputigena	0.671243066850039	1
Bacteria;Spirochaetes;Spirochaetia;Spirochaetales;Spirochaetaceae;Treponema;sp._HMT_237	0.669963743602627	1
Bacteria;Firmicutes;Clostridia;Clostridiales;Peptostreptococcaceae_[XI];Peptostreptococcaceae_[XI][G-6];[Eubacterium]_nodatum	0.661948259082547	1
Bacteria;Firmicutes;Negativicutes;Selenomonadales;Selenomonadaceae;Selenomonas;sp._HMT_134	0.658000433695079	1
Bacteria;Proteobacteria;Deltaproteobacteria;Desulfobacterales;Desulfobulbaceae;Desulfobulbus;sp._HMT_041	0.655699162050542	1
Bacteria;Bacteroidetes;Bacteroidia;Bacteroidales;Prevotellaceae;Prevotella;pleuritidis	0.642871160382729	1
Bacteria;Bacteroidetes;Bacteroidetes_[C-1];Bacteroidetes_[O-1];Bacteroidetes_[F-1];Bacteroidetes_[G-5];bacterium_HMT_511	0.64276223589375	1
Bacteria;Bacteroidetes;Bacteroidia;Bacteroidales;Prevotellaceae;Prevotella;dentalis	0.639505421933485	1
Bacteria;Bacteroidetes;Bacteroidia;Bacteroidales;Prevotellaceae;Prevotella;saccharolytica	0.638612342152887	1
Bacteria;Saccharibacteria_(TM7);Saccharibacteria_(TM7)_[C-1];Saccharibacteria_(TM7)_[O-1];Saccharibacteria_(TM7)_[F-2];Saccharibacteria_(TM7)_[G-5];bacterium_HMT_356	0.628764731144987	1
Bacteria;Bacteroidetes;Bacteroidia;Bacteroidales;Prevotellaceae;Alloprevotella;rava	0.614002422107055	1
Bacteria;Firmicutes;Negativicutes;Veillonellales;Veillonellaceae;Veillonellaceae_[G-1];bacterium_HMT_150	0.612705953496021	1
Bacteria;Bacteroidetes;Bacteroidia;Bacteroidales;Prevotellaceae;Prevotella;maculosa	0.61032916022582	1
Bacteria;Firmicutes;Negativicutes;Veillonellales;Veillonellaceae;Anaeroglobus;geminatus	0.603408582093056	1
Bacteria;Saccharibacteria_(TM7);Saccharibacteria_(TM7)_[C-1];Saccharibacteria_(TM7)_[O-1];Saccharibacteria_(TM7)_[F-1];Saccharibacteria_(TM7)_[G-1];bacterium_HMT_349	0.597347168396153	1
Bacteria;Firmicutes;Clostridia;Clostridiales;Lachnospiraceae_[XIV];Lachnospiraceae_[G-3];bacterium_HMT_100	0.596271423234922	1
Bacteria;Bacteroidetes;Bacteroidia;Bacteroidales;Porphyromonadaceae;Tannerella;sp._HMT_286	0.593675520461394	1
Bacteria;Bacteroidetes;Flavobacteriia;Flavobacteriales;Flavobacteriaceae;Capnocytophaga;leadbetteri	0.590787526651897	1
Bacteria;Bacteroidetes;Bacteroidia;Bacteroidales;Prevotellaceae;Prevotella;oulorum	0.574537251872641	1
Bacteria;Spirochaetes;Spirochaetia;Spirochaetales;Spirochaetaceae;Treponema;lecithinolyticum	0.571119984057187	1
Bacteria;Fusobacteria;Fusobacteriia;Fusobacteriales;Leptotrichiaceae;Leptotrichia;sp._HMT_212	0.56877464223726	1
Bacteria;Firmicutes;Clostridia;Clostridiales;Lachnospiraceae_[XIV];Lachnoanaerobaculum;saburreum	0.565421936231951	1
Bacteria;Firmicutes;Clostridia;Clostridiales;Ruminococcaceae;Ruminococcaceae_[G-1];bacterium_HMT_075	0.563765230851433	1
Bacteria;Bacteroidetes;Flavobacteriia;Flavobacteriales;Flavobacteriaceae;Capnocytophaga;granulosa	0.560180244810594	1
Bacteria;Firmicutes;Bacilli;Lactobacillales;Streptococcaceae;Streptococcus;intermedius	0.557918795590387	1
Bacteria;Actinobacteria;Actinobacteria;Corynebacteriales;Corynebacteriaceae;Corynebacterium;durum	0.556299592778476	1
Bacteria;Proteobacteria;Betaproteobacteria;Burkholderiales;Burkholderiaceae;Lautropia;mirabilis	0.554529589124815	1
Bacteria;Synergistetes;Synergistia;Synergistales;Synergistaceae;Fretibacterium;sp._HMT_362	0.550915841542697	1
Bacteria;Fusobacteria;Fusobacteriia;Fusobacteriales;Fusobacteriaceae;Fusobacterium;nucleatum_subsp._polymorphum	0.542975370229501	1
Bacteria;Proteobacteria;Gammaproteobacteria;Cardiobacteriales;Cardiobacteriaceae;Cardiobacterium;hominis	0.541738432961357	1
Bacteria;Firmicutes;Negativicutes;Veillonellales;Veillonellaceae;Veillonellaceae_[G-1];bacterium_HMT_155	0.536470624352391	1
Bacteria;Bacteroidetes;Bacteroidia;Bacteroidales;Bacteroidaceae;Bacteroidaceae_[G-1];bacterium_HMT_272	0.530391457652776	1
Bacteria;Firmicutes;Mollicutes;Mycoplasmatales;Mycoplasmataceae;Mycoplasma;faucium	0.529118280102999	1
Bacteria;Fusobacteria;Fusobacteriia;Fusobacteriales;Leptotrichiaceae;Leptotrichia;wadei	0.52507726849681	1
Bacteria;Bacteroidetes;Bacteroidia;Bacteroidales;Prevotellaceae;Prevotella;denticola	0.523831723899561	1
Bacteria;Bacteroidetes;Bacteroidia;Bacteroidales;Prevotellaceae;Prevotella;sp._HMT_292	0.514573355613296	1
Bacteria;Bacteroidetes;Bacteroidia;Bacteroidales;Prevotellaceae;Prevotella;oralis	0.511312737833543	1
Bacteria;Firmicutes;Bacilli;Lactobacillales;Aerococcaceae;Abiotrophia;defectiva	0.508467590557425	1
Bacteria;Bacteroidetes;Bacteroidia;Bacteroidales;Prevotellaceae;Alloprevotella;tannerae	0.508042947038365	1
Bacteria;Firmicutes;Clostridia;Clostridiales;Eubacteriaceae_[XV];Pseudoramibacter;alactolyticus	0.505194917811852	1
Bacteria;Proteobacteria;Betaproteobacteria;Neisseriales;Neisseriaceae;Neisseria;flava	0.505034115128167	1
Bacteria;Proteobacteria;Gammaproteobacteria;Cardiobacteriales;Cardiobacteriaceae;Cardiobacterium;valvarum	0.496563033192466	1
Bacteria;Spirochaetes;Spirochaetia;Spirochaetales;Spirochaetaceae;Treponema;socranskii	0.494728864740249	1
Bacteria;Firmicutes;Bacilli;Lactobacillales;Streptococcaceae;Streptococcus;constellatus	0.48639196753436	1
Bacteria;Actinobacteria;Actinobacteria;Actinomycetales;Actinomycetaceae;Actinomyces;massiliensis	0.484897881388118	1
Bacteria;Firmicutes;Clostridia;Clostridiales;Peptostreptococcaceae_[XI];Peptostreptococcus;stomatis	0.484473301726831	1
Bacteria;Bacteroidetes;Bacteroidetes_[C-1];Bacteroidetes_[O-1];Bacteroidetes_[F-1];Bacteroidetes_[G-3];bacterium_HMT_280	0.483255123201629	1
Bacteria;Firmicutes;Negativicutes;Selenomonadales;Selenomonadaceae;Selenomonas;sp._HMT_136	0.479692498962443	1
Bacteria;Spirochaetes;Spirochaetia;Spirochaetales;Spirochaetaceae;Treponema;parvum	0.478479922673049	1
Bacteria;Actinobacteria;Actinobacteria;Actinomycetales;Micrococcaceae;Rothia;dentocariosa	0.476103778131211	1
Bacteria;Firmicutes;Negativicutes;Selenomonadales;Selenomonadaceae;Selenomonas;infelix	0.475160463580194	1
Bacteria;Saccharibacteria_(TM7);Saccharibacteria_(TM7)_[C-1];Saccharibacteria_(TM7)_[O-1];Saccharibacteria_(TM7)_[F-1];Saccharibacteria_(TM7)_[G-1];bacterium_HMT_348	0.475058222221594	1
Bacteria;Fusobacteria;Fusobacteriia;Fusobacteriales;Leptotrichiaceae;Leptotrichia;sp._HMT_392	0.470704123908582	1
Bacteria;Bacteroidetes;Bacteroidia;Bacteroidales;Prevotellaceae;Prevotella;baroniae	0.468431634218841	1
Bacteria;Bacteroidetes;Flavobacteriia;Flavobacteriales;Flavobacteriaceae;Capnocytophaga;sp._HMT_326	0.467535579280741	1
Bacteria;Firmicutes;Negativicutes;Selenomonadales;Selenomonadaceae;Selenomonas;sp._HMT_138	0.465638821006027	1
Bacteria;Bacteroidetes;Flavobacteriia;Flavobacteriales;Flavobacteriaceae;Capnocytophaga;gingivalis	0.463169735002478	1
Bacteria;Firmicutes;Clostridia;Clostridiales;Peptostreptococcaceae_[XI];Peptostreptococcaceae_[XI][G-7];[Eubacterium]_yurii_subsps._yurii_&_margaretiae	0.463059107971439	1
Bacteria;Fusobacteria;Fusobacteriia;Fusobacteriales;Leptotrichiaceae;Leptotrichia;sp._HMT_417	0.462417900317818	1
Bacteria;Bacteroidetes;Bacteroidia;Bacteroidales;Porphyromonadaceae;Porphyromonas;pasteri	0.461561707583629	1
Bacteria;Proteobacteria;Gammaproteobacteria;Pasteurellales;Pasteurellaceae;Aggregatibacter;sp._HMT_458	0.458749849669779	1
Bacteria;Bacteroidetes;Bacteroidia;Bacteroidales;Prevotellaceae;Prevotella;sp._HMT_526	0.457686569060036	1
Bacteria;Firmicutes;Clostridia;Clostridiales;Clostridiales_[F-1];Clostridiales_[F-1][G-1];bacterium_HMT_093	0.457105948808233	1
Bacteria;Bacteroidetes;Bacteroidia;Bacteroidales;Porphyromonadaceae;Porphyromonas;catoniae	0.449157074990246	1
Bacteria;Chloroflexi;Anaerolineae;Anaerolineales;Anaerolineaceae;Anaerolineae_[G-1];bacterium_HMT_439	0.447713772728394	1
Bacteria;Fusobacteria;Fusobacteriia;Fusobacteriales;Leptotrichiaceae;Leptotrichia;hofstadii	0.445290414404036	1
Bacteria;Bacteroidetes;Bacteroidia;Bacteroidales;Prevotellaceae;Prevotella;sp._HMT_317	0.440464919211059	1
Bacteria;Actinobacteria;Coriobacteriia;Coriobacteriales;Atopobiaceae;Olsenella;sp._HMT_807	0.436176545159173	1
Bacteria;Fusobacteria;Fusobacteriia;Fusobacteriales;Fusobacteriaceae;Fusobacterium;sp._HMT_203	0.435626746615852	1
Bacteria;Fusobacteria;Fusobacteriia;Fusobacteriales;Leptotrichiaceae;Leptotrichia;shahii	0.432579257858584	1
Bacteria;Saccharibacteria_(TM7);Saccharibacteria_(TM7)_[C-1];Saccharibacteria_(TM7)_[O-1];Saccharibacteria_(TM7)_[F-1];Saccharibacteria_(TM7)_[G-1];bacterium_HMT_346	0.425138897102451	1
Bacteria;Saccharibacteria_(TM7);Saccharibacteria_(TM7)_[C-1];Saccharibacteria_(TM7)_[O-1];Saccharibacteria_(TM7)_[F-1];Saccharibacteria_(TM7)_[G-1];bacterium_HMT_952	0.420052679333435	1
Bacteria;Bacteroidetes;Flavobacteriia;Flavobacteriales;Flavobacteriaceae;Bergeyella;sp._HMT_322	0.4153882912381	1
Bacteria;Actinobacteria;Actinobacteria;Actinomycetales;Actinomycetaceae;Actinomyces;sp._HMT_169	0.414779210975152	1
Bacteria;Firmicutes;Bacilli;Lactobacillales;Streptococcaceae;Streptococcus;anginosus	0.411055741737929	1
Bacteria;Spirochaetes;Spirochaetia;Spirochaetales;Spirochaetaceae;Treponema;sp._HMT_231	0.406364978839111	1
Bacteria;Firmicutes;Clostridia;Clostridiales;Clostridiales_[F-3];Clostridiales_[F-3][G-1];bacterium_HMT_876	0.399502646741042	1
Bacteria;Spirochaetes;Spirochaetia;Spirochaetales;Spirochaetaceae;Treponema;medium	0.396546846927706	1
Bacteria;Fusobacteria;Fusobacteriia;Fusobacteriales;Leptotrichiaceae;Leptotrichia;sp._HMT_498	0.394014564996443	1
Bacteria;Bacteroidetes;Bacteroidia;Bacteroidales;Prevotellaceae;Prevotella;sp._HMT_472	0.393581581422833	1
Bacteria;Firmicutes;Negativicutes;Selenomonadales;Selenomonadaceae;Selenomonas;Selenomonas_unclassified	0.390885750596954	1
Bacteria;Firmicutes;Bacilli;Lactobacillales;Streptococcaceae;Streptococcus;sanguinis	0.390167028115549	1
Bacteria;Bacteroidetes;Flavobacteriia;Flavobacteriales;Flavobacteriaceae;Bergeyella;Bergeyella_unclassified	0.388146792147312	1
Bacteria;Synergistetes;Synergistia;Synergistales;Synergistaceae;Fretibacterium;sp._HMT_358	0.387754391077625	1
Bacteria;Firmicutes;Clostridia;Clostridiales;Lachnospiraceae_[XIV];Catonella;morbi	0.387563428026578	1
Bacteria;Firmicutes;Clostridia;Clostridiales;Lachnospiraceae_[XIV];Lachnoanaerobaculum;umeaense	0.386021947438972	1
Bacteria;Firmicutes;Negativicutes;Selenomonadales;Selenomonadaceae;Selenomonas;sp._HMT_146	0.382664697621381	1
Bacteria;Firmicutes;Negativicutes;Selenomonadales;Selenomonadaceae;Selenomonas;artemidis	0.379794218163893	1
Bacteria;Proteobacteria;Betaproteobacteria;Neisseriales;Neisseriaceae;Neisseria;oralis	0.379070554249388	1
Bacteria;Bacteroidetes;Bacteroidia;Bacteroidales;Prevotellaceae;Prevotella;buccae	0.378809192745417	1
Bacteria;Bacteroidetes;Bacteroidia;Bacteroidales;Bacteroidales_[F-2];Bacteroidales_[G-2];bacterium_HMT_274	0.377834744049462	1
Bacteria;Firmicutes;Erysipelotrichia;Erysipelotrichales;Erysipelotrichaceae;Solobacterium;moorei	0.374699714100972	1
Bacteria;Firmicutes;Negativicutes;Selenomonadales;Selenomonadaceae;Selenomonas;sp._HMT_126	0.370344035843417	1
Bacteria;Proteobacteria;Epsilonproteobacteria;Campylobacterales;Campylobacteraceae;Campylobacter;rectus	0.359510043117989	1
Bacteria;Fusobacteria;Fusobacteriia;Fusobacteriales;Fusobacteriaceae;Fusobacterium;nucleatum_subsp._animalis	0.357241862616789	1
Bacteria;Firmicutes;Bacilli;Lactobacillales;Streptococcaceae;Streptococcus;salivarius	0.35712373388649	1
Bacteria;Firmicutes;Clostridia;Clostridiales;Peptostreptococcaceae_[XI];Peptostreptococcaceae_[XI][G-9];[Eubacterium]_brachy	0.350409336417345	1
Bacteria;Firmicutes;Clostridia;Clostridiales;Lachnospiraceae_[XIV];Johnsonella;ignava	0.350407859955024	1
Bacteria;Firmicutes;Clostridia;Clostridiales;Lachnospiraceae_[XIV];Oribacterium;sp._HMT_078	0.35036803346486	1
Bacteria;Firmicutes;Clostridia;Clostridiales;Peptostreptococcaceae_[XI];Peptostreptococcaceae_[XI][G-1];[Eubacterium]_infirmum	0.347819353387065	1
Bacteria;Firmicutes;Negativicutes;Selenomonadales;Selenomonadaceae;Selenomonas;sp._HMT_137	0.346805216288765	1
Bacteria;Bacteroidetes;Bacteroidia;Bacteroidales;Prevotellaceae;Prevotella;nigrescens	0.346007173269073	1
Bacteria;Firmicutes;Negativicutes;Selenomonadales;Selenomonadaceae;Selenomonas;sputigena	0.343909915935254	1
Bacteria;Actinobacteria;Actinobacteria;Actinomycetales;Micrococcaceae;Rothia;mucilaginosa	0.341314897183076	1
Bacteria;Proteobacteria;Gammaproteobacteria;Pasteurellales;Pasteurellaceae;Haemophilus;parainfluenzae	0.341032330937273	1
Bacteria;Firmicutes;Bacilli;Bacillales;Gemellaceae;Gemella;morbillorum	0.340567195607475	1
Bacteria;Fusobacteria;Fusobacteriia;Fusobacteriales;Leptotrichiaceae;Leptotrichia;sp._HMT_225	0.34006063621081	1
Bacteria;Saccharibacteria_(TM7);Saccharibacteria_(TM7)_[C-1];Saccharibacteria_(TM7)_[O-1];Saccharibacteria_(TM7)_[F-1];Saccharibacteria_(TM7)_[G-1];bacterium_HMT_957	0.338984204727992	1
Bacteria;Proteobacteria;Betaproteobacteria;Neisseriales;Neisseriaceae;Kingella;oralis	0.333726656997627	1
Bacteria;Bacteroidetes;Bacteroidia;Bacteroidales;Prevotellaceae;Prevotella;salivae	0.331791217828969	1
Bacteria;Bacteroidetes;Flavobacteriia;Flavobacteriales;Flavobacteriaceae;Capnocytophaga;Capnocytophaga_unclassified	0.330198062624742	1
Bacteria;Bacteroidetes;Bacteroidia;Bacteroidales;Prevotellaceae;Prevotella;sp._HMT_376	0.322227343734583	1
Bacteria;Proteobacteria;Gammaproteobacteria;Pasteurellales;Pasteurellaceae;Aggregatibacter;sp._HMT_512	0.315556805872262	1
Bacteria;Firmicutes;Negativicutes;Negativicutes_unclassified;Negativicutes_unclassified;Negativicutes_unclassified;Negativicutes_unclassified	0.31379875765878	1
Bacteria;Actinobacteria;Coriobacteriia;Coriobacteriales;Coriobacteriaceae;Atopobium;rimae	0.304595534638582	1
Bacteria;Firmicutes;Bacilli;Lactobacillales;Streptococcaceae;Streptococcus;cristatus_clade_578	0.304318066103853	1
Bacteria;Firmicutes;Negativicutes;Selenomonadales;Selenomonadaceae;Selenomonas;noxia	0.302490969018769	1
Bacteria;Actinobacteria;Actinobacteria;Actinomycetales;Actinomycetaceae;Schaalia;sp._HMT_180	0.301015299843621	1
Bacteria;Actinobacteria;Actinobacteria;Actinomycetales;Actinomycetaceae;Schaalia;meyeri	0.297520990833207	1
Bacteria;Saccharibacteria_(TM7);Saccharibacteria_(TM7)_[C-1];Saccharibacteria_(TM7)_[O-1];Saccharibacteria_(TM7)_[F-1];Saccharibacteria_(TM7)_[G-2];bacterium_HMT_350	0.297123024089007	1
Bacteria;Actinobacteria;Actinobacteria;Actinomycetales;Actinomycetaceae;Actinomyces;naeslundii	0.293292373656645	1
Bacteria;Proteobacteria;Gammaproteobacteria;Pseudomonadales;Pseudomonadaceae;Pseudomonas;Pseudomonas_unclassified	0.292858658723137	1
Bacteria;Firmicutes;Negativicutes;Veillonellales;Veillonellaceae;Dialister;invisus	0.28922285204311	1
Bacteria;Bacteroidetes;Bacteroidia;Bacteroidales;Prevotellaceae;Prevotella;sp._HMT_300	0.284160518353229	1
Bacteria;Proteobacteria;Gammaproteobacteria;Pseudomonadales;Pseudomonadaceae;Pseudomonas;fluorescens	0.283270806983102	1
Bacteria;Proteobacteria;Alphaproteobacteria;Sphingomonadales;Sphingomonadaceae;Sphingomonas;echinoides	0.282708744373631	1
Bacteria;Proteobacteria;Epsilonproteobacteria;Campylobacterales;Campylobacteraceae;Campylobacter;concisus	0.281917813002896	1
Bacteria;Firmicutes;Bacilli;Lactobacillales;Streptococcaceae;Streptococcus;gordonii	0.280522732143568	1
Bacteria;Firmicutes;Clostridia;Clostridiales;Peptostreptococcaceae_[XI];Peptostreptococcaceae_[XI][G-2];bacterium_HMT_091	0.278675688326449	1
Bacteria;Firmicutes;Clostridia;Clostridiales;Peptococcaceae;Peptococcus;sp._HMT_167	0.27724712325149	1
Bacteria;Firmicutes;Bacilli;Lactobacillales;Streptococcaceae;Streptococcus;mutans	0.27481942041915	1
Bacteria;Firmicutes;Clostridia;Clostridiales;Lachnospiraceae_[XIV];Johnsonella;sp._HMT_166	0.273012656337744	1
Bacteria;Bacteroidetes;Bacteroidia;Bacteroidales;Prevotellaceae;Prevotella;micans	0.272531222950578	1
Bacteria;Firmicutes;Clostridia;Clostridiales;Peptostreptococcaceae_[XI];Peptostreptococcaceae_[XI][G-7];bacterium_HMT_081	0.271573234776523	1
Bacteria;Firmicutes;Negativicutes;Veillonellales;Veillonellaceae;Megasphaera;micronuciformis	0.270787426479123	1
Bacteria;Firmicutes;Clostridia;Clostridiales;Lachnospiraceae_[XIV];Lachnoanaerobaculum;Lachnoanaerobaculum_unclassified	0.26847896011148	1
Bacteria;Proteobacteria;Betaproteobacteria;Neisseriales;Neisseriaceae;Eikenella;corrodens	0.266860686056357	1
Bacteria;Bacteroidetes;Bacteroidia;Bacteroidales;Porphyromonadaceae;Porphyromonas;sp._HMT_284	0.26631636077849	1
Bacteria;Firmicutes;Mollicutes;Mycoplasmatales;Mycoplasmataceae;Mycoplasma;salivarium	0.265029623283859	1
Bacteria;Firmicutes;Bacilli;Lactobacillales;Streptococcaceae;Streptococcus;parasanguinis_clade_411	0.262080357088561	1
Bacteria;Firmicutes;Clostridia;Clostridiales;Lachnospiraceae_[XIV];Stomatobaculum;longum	0.260453553694422	1
Bacteria;Bacteroidetes;Bacteroidia;Bacteroidales;Prevotellaceae;Prevotella;melaninogenica	0.258978631479858	1
Bacteria;Firmicutes;Negativicutes;Veillonellales;Veillonellaceae;Veillonellaceae_[G-1];bacterium_HMT_145	0.258081946869631	1
Bacteria;Proteobacteria;Alphaproteobacteria;Rhizobiales;Bradyrhizobiaceae;Bosea;vestrisii	0.250339002204033	1
Bacteria;Actinobacteria;Actinobacteria;Actinomycetales;Actinomycetaceae;Schaalia;sp._HMT_178	0.246110232375199	1
Bacteria;Firmicutes;Bacilli;Bacillales;Gemellaceae;Gemella;sanguinis	0.244379305027787	1
Bacteria;Firmicutes;Negativicutes;Veillonellales;Veillonellaceae;Veillonella;rogosae	0.243314193221035	1
Bacteria;Actinobacteria;Actinobacteria;Actinomycetales;Actinomycetaceae;Peptidiphaga;sp._HMT_183	0.243140217432011	1
Bacteria;Firmicutes;Erysipelotrichia;Erysipelotrichales;Erysipelotrichaceae;Bulleidia;extructa	0.242893589918067	1
Bacteria;Bacteroidetes;Bacteroidia;Bacteroidales;Prevotellaceae;Prevotella;oris	0.242561337382203	1
Bacteria;Proteobacteria;Gammaproteobacteria;Enterobacterales;Enterobacteriaceae;Yersinia;pestis	0.240185068108676	1
Bacteria;Proteobacteria;Betaproteobacteria;Betaproteobacteria_unclassified;Betaproteobacteria_unclassified;Betaproteobacteria_unclassified;Betaproteobacteria_unclassified	0.234755013140291	1
Bacteria;Firmicutes;Clostridia;Clostridiales;Peptoniphilaceae;Parvimonas;sp._HMT_110	0.234068197194917	1
Bacteria;Proteobacteria;Betaproteobacteria;Burkholderiales;Comamonadaceae;Delftia;acidovorans	0.232018419677552	1
Bacteria;Actinobacteria;Coriobacteriia;Coriobacteriales;Coriobacteriaceae;Atopobium;sp._HMT_199	0.229772744346016	1
Bacteria;Fusobacteria;Fusobacteriia;Fusobacteriales;Leptotrichiaceae;Leptotrichia;hongkongensis	0.227842528072803	1
Bacteria;Actinobacteria;Actinobacteria;Actinomycetales;Actinomycetaceae;Actinomyces;oris	0.226090735264295	1
Bacteria;Absconditabacteria_(SR1);Absconditabacteria_(SR1)_[C-1];Absconditabacteria_(SR1)_[O-1];Absconditabacteria_(SR1)_[F-1];Absconditabacteria_(SR1)_[G-1];bacterium_HMT_874	0.221719629985663	1
Bacteria;Firmicutes;Negativicutes;Veillonellales;Veillonellaceae;Veillonella;atypica	0.221358297925585	1
Bacteria;Bacteroidetes;Bacteroidetes_[C-1];Bacteroidetes_[O-1];Bacteroidetes_[F-1];Bacteroidetes_[G-3];bacterium_HMT_365	0.217327475887555	1
Bacteria;Bacteroidetes;Bacteroidia;Bacteroidales;Porphyromonadaceae;Tannerella;sp._HMT_808	0.21489742616334	1
Bacteria;Firmicutes;Negativicutes;Veillonellales;Veillonellaceae;Veillonellaceae_[G-1];bacterium_HMT_129	0.213074436030375	1
Bacteria;Firmicutes;Clostridia;Clostridiales;Lachnospiraceae_[XIV];Catonella;sp._HMT_451	0.211501253375386	1
Bacteria;Saccharibacteria_(TM7);Saccharibacteria_(TM7)_[C-1];Saccharibacteria_(TM7)_[O-1];Saccharibacteria_(TM7)_[F-1];Saccharibacteria_(TM7)_[G-3];bacterium_HMT_351	0.210913749921202	1
Bacteria;Firmicutes;Negativicutes;Selenomonadales;Selenomonadaceae;Selenomonas;flueggei	0.208850044400798	1
Bacteria;Bacteroidetes;Bacteroidia;Bacteroidales;Prevotellaceae;Prevotella;marshii	0.206769008561269	1
Bacteria;Firmicutes;Clostridia;Clostridiales;Lachnospiraceae_[XIV];Stomatobaculum;sp._HMT_373	0.205611152152317	1
Bacteria;Bacteroidetes;Bacteroidia;Bacteroidales;Porphyromonadaceae;Porphyromonas;Porphyromonas_unclassified	0.203568146897916	1
Bacteria;Fusobacteria;Fusobacteriia;Fusobacteriales;Fusobacteriaceae;Fusobacterium;nucleatum_subsp._nucleatum	0.200074805744065	1
Bacteria;Firmicutes;Bacilli;Lactobacillales;Carnobacteriaceae;Granulicatella;adiacens	0.197986010351651	1
Bacteria;Firmicutes;Clostridia;Clostridiales;Lachnospiraceae_[XIV];Shuttleworthia;satelles	0.195389853829369	1
Bacteria;Firmicutes;Negativicutes;Selenomonadales;Selenomonadaceae;Selenomonas;sp._HMT_919	0.194787536422739	1
Bacteria;Proteobacteria;Betaproteobacteria;Neisseriales;Neisseriaceae;Neisseria;flavescens	0.191755651610977	1
Bacteria;Proteobacteria;Betaproteobacteria;Burkholderiales;Burkholderiales_unclassified;Burkholderiales_unclassified;Burkholderiales_unclassified	0.186072903325664	1
Bacteria;Firmicutes;Clostridia;Clostridiales;Lachnospiraceae_[XIV];Butyrivibrio;sp._HMT_080	0.184476819738581	1
Bacteria;Actinobacteria;Actinobacteria;Corynebacteriales;Corynebacteriaceae;Corynebacterium;matruchotii	0.180626552296056	1
Bacteria;Firmicutes;Negativicutes;Veillonellales;Veillonellaceae;Megasphaera;sp._HMT_123	0.177745833778787	1
Bacteria;Spirochaetes;Spirochaetia;Spirochaetales;Spirochaetaceae;Treponema;sp._HMT_927	0.177313768719446	1
Bacteria;Proteobacteria;Betaproteobacteria;Neisseriales;Neisseriaceae;Kingella;denitrificans	0.177245230570414	1
Bacteria;Firmicutes;Bacilli;Bacillales;Gemellaceae;Gemella;haemolysans	0.176788452907282	1
Bacteria;Saccharibacteria_(TM7);Saccharibacteria_(TM7)_[C-1];Saccharibacteria_(TM7)_[O-1];Saccharibacteria_(TM7)_[F-1];Saccharibacteria_(TM7)_[G-1];bacterium_HMT_347	0.174197260264301	1
Bacteria;Bacteroidetes;Bacteroidia;Bacteroidales;Prevotellaceae;Prevotella;sp._HMT_304	0.17092132135298	1
Bacteria;Bacteroidetes;Flavobacteriia;Flavobacteriales;Flavobacteriaceae;Bergeyella;sp._HMT_907	0.168089925764485	1
Bacteria;Bacteroidetes;Bacteroidetes_unclassified;Bacteroidetes_unclassified;Bacteroidetes_unclassified;Bacteroidetes_unclassified;Bacteroidetes_unclassified	0.167243808908415	1
Bacteria;Bacteroidetes;Bacteroidia;Bacteroidales;Prevotellaceae;Prevotella;Prevotella_unclassified	0.164868499030973	1
Bacteria;Bacteroidetes;Flavobacteriia;Flavobacteriales;Flavobacteriaceae;Capnocytophaga;sp._HMT_338	0.164627377868208	1
Bacteria;Firmicutes;Negativicutes;Selenomonadales;Selenomonadaceae;Selenomonas;sp._HMT_936	0.161824156256332	1
Bacteria;Actinobacteria;Actinobacteria;Bifidobacteriales;Bifidobacteriaceae;Bifidobacterium;dentium	0.161193656470909	1
Bacteria;Bacteroidetes;Bacteroidia;Bacteroidales;Porphyromonadaceae;Porphyromonas;sp._HMT_278	0.159585585772498	1
Bacteria;Bacteroidetes;Bacteroidia;Bacteroidales;Prevotellaceae;Prevotella;sp._HMT_315	0.158178341695684	1
Bacteria;Spirochaetes;Spirochaetia;Spirochaetales;Spirochaetaceae;Treponema;Treponema_unclassified	0.156241397114958	1
Bacteria;Bacteroidetes;Bacteroidia;Bacteroidales;Prevotellaceae;Prevotella;sp._HMT_314	0.156059160849954	1
Bacteria;Bacteroidetes;Bacteroidia;Bacteroidales;Prevotellaceae;Alloprevotella;sp._HMT_473	0.154995763401682	1
Bacteria;Fusobacteria;Fusobacteriia;Fusobacteriales;Leptotrichiaceae;Sneathia;Sneathia_unclassified	0.152052602760092	1
Bacteria;Proteobacteria;Gammaproteobacteria;Pasteurellales;Pasteurellaceae;Aggregatibacter;aphrophilus	0.15116270548582	1
Bacteria;Firmicutes;Bacilli;Lactobacillales;Streptococcaceae;Streptococcus;parasanguinis_clade_721	0.147419733482407	1
Bacteria;Firmicutes;Negativicutes;Veillonellales;Veillonellaceae;Veillonellaceae_[G-1];bacterium_HMT_135	0.146603610016097	1
Bacteria;Gracilibacteria_(GN02);Gracilibacteria_(GN02)_[C-1];Gracilibacteria_(GN02)_[O-1];Gracilibacteria_(GN02)_[F-1];Gracilibacteria_(GN02)_[G-1];bacterium_HMT_872	0.146405910597495	1
Bacteria;Synergistetes;Synergistia;Synergistales;Synergistaceae;Fretibacterium;sp._HMT_361	0.14559099563483	1
Bacteria;Proteobacteria;Gammaproteobacteria;Pasteurellales;Pasteurellaceae;Aggregatibacter;sp._HMT_513	0.141069915651342	1
Bacteria;Bacteroidetes;Bacteroidia;Bacteroidales;Prevotellaceae;Prevotella;sp._HMT_443	0.134955167001023	1
Bacteria;Fusobacteria;Fusobacteriia;Fusobacteriales;Fusobacteriaceae;Fusobacterium;naviforme	0.132824898006435	1
Bacteria;Saccharibacteria_(TM7);Saccharibacteria_(TM7)_[C-1];Saccharibacteria_(TM7)_[O-1];Saccharibacteria_(TM7)_[F-1];Saccharibacteria_(TM7)_[G-6];bacterium_HMT_870	0.132584005645319	1
Bacteria;Fusobacteria;Fusobacteriia;Fusobacteriales;Leptotrichiaceae;Leptotrichia;sp._HMT_215	0.131393474531838	1
Bacteria;Firmicutes;Negativicutes;Selenomonadales;Selenomonadaceae;Selenomonas;dianae	0.130171272217631	1
Bacteria;Actinobacteria;Actinobacteria;Actinomycetales;Actinomycetaceae;Schaalia;cardiffensis	0.128791273980212	1
Bacteria;Fusobacteria;Fusobacteriia;Fusobacteriales;Leptotrichiaceae;Leptotrichia;sp._HMT_219	0.128074136182063	1
Bacteria;Firmicutes;Clostridia;Clostridiales;Ruminococcaceae;Ruminococcaceae_[G-2];bacterium_HMT_085	0.127026683426968	1
Bacteria;Bacteroidetes;Flavobacteriia;Flavobacteriales;Flavobacteriaceae;Capnocytophaga;sp._HMT_336	0.1258191785729	1
Bacteria;Firmicutes;Negativicutes;Veillonellales;Veillonellaceae;Veillonellaceae_[G-1];Veillonellaceae_[G-1]_unclassified	0.12493780109287	1
Bacteria;Bacteroidetes;Bacteroidia;Bacteroidales;Prevotellaceae;Prevotella;pallens	0.123204645283253	1
Bacteria;Firmicutes;Clostridia;Clostridiales;Peptoniphilaceae;Parvimonas;micra	0.122293225463073	1
Bacteria;Bacteroidetes;Bacteroidia;Bacteroidales;Prevotellaceae;Prevotella;sp._HMT_301	0.120038262949349	1
Bacteria;Firmicutes;Negativicutes;Selenomonadales;Selenomonadaceae;Centipeda;periodontii	0.117468348134406	1
Bacteria;Actinobacteria;Actinobacteria;Actinomycetales;Actinomycetaceae;Actinomyces;israelii	0.116932570528458	1
Bacteria;Actinobacteria;Coriobacteriia;Coriobacteriales;Coriobacteriaceae;Slackia;exigua	0.11628252240094	1
Bacteria;Proteobacteria;Epsilonproteobacteria;Campylobacterales;Campylobacteraceae;Campylobacter;curvus	0.115479709448829	1
Bacteria;Actinobacteria;Actinobacteria;Actinobacteria_unclassified;Actinobacteria_unclassified;Actinobacteria_unclassified;Actinobacteria_unclassified	0.114027813340749	1
Bacteria;Bacteroidetes;Bacteroidia;Bacteroidales;Prevotellaceae;Prevotella;veroralis	0.111747625511676	1
Bacteria;Firmicutes;Bacilli;Lactobacillales;Streptococcaceae;Streptococcus;sp._HMT_074	0.10950563121381	1
Bacteria;Actinobacteria;Coriobacteriia;Coriobacteriales;Atopobiaceae;Olsenella;uli	0.107955945174426	1
Bacteria;Firmicutes;Negativicutes;Veillonellales;Veillonellaceae;Dialister;sp._HMT_119	0.106761020996853	1
Bacteria;Fusobacteria;Fusobacteriia;Fusobacteriales;Fusobacteriaceae;Fusobacterium;periodonticum	0.106593989722923	1
Bacteria;Proteobacteria;Alphaproteobacteria;Caulobacterales;Caulobacteraceae;Brevundimonas;diminuta	0.10619621377332	1
Bacteria;Spirochaetes;Spirochaetia;Spirochaetales;Spirochaetaceae;Treponema;vincentii	0.105264059448478	1
Bacteria;Proteobacteria;Gammaproteobacteria;Enterobacterales;Enterobacteriaceae;Enterobacteriaceae_unclassified;Enterobacteriaceae_unclassified	0.104851625954781	1
Bacteria;Firmicutes;Mollicutes;Mollicutes_[O-2];Mollicutes_[F-2];Mollicutes_[G-2];bacterium_HMT_906	0.103638524632214	1
Bacteria;Proteobacteria;Gammaproteobacteria;Pseudomonadales;Pseudomonadaceae;Pseudomonas;pseudoalcaligenes	0.102805466050723	1
Bacteria;Proteobacteria;Betaproteobacteria;Burkholderiales;Comamonadaceae;Comamonadaceae_unclassified;Comamonadaceae_unclassified	0.102638752698061	1
Bacteria;Firmicutes;Bacilli;Lactobacillales;Streptococcaceae;Streptococcus;sp._HMT_056	0.101795185242415	1
Bacteria;Actinobacteria;Actinobacteria;Actinomycetales;Actinomycetaceae;Actinomyces;gerencseriae	0.100953943073876	1
Bacteria;Spirochaetes;Spirochaetia;Spirochaetales;Spirochaetaceae;Treponema;sp._HMT_257	0.100676860684114	1
Bacteria;Fusobacteria;Fusobacteriia;Fusobacteriales;Fusobacteriaceae;Fusobacterium;nucleatum_subsp._vincentii	0.0990574763555487	1
Bacteria;Absconditabacteria_(SR1);Absconditabacteria_(SR1)_[C-1];Absconditabacteria_(SR1)_[O-1];Absconditabacteria_(SR1)_[F-1];Absconditabacteria_(SR1)_[G-1];bacterium_HMT_345	0.0979289867311276	1
Bacteria;Spirochaetes;Spirochaetia;Spirochaetales;Spirochaetaceae;Treponema;sp._HMT_258	0.0956695168503658	1
Bacteria;Actinobacteria;Actinobacteria;Actinomycetales;Actinomycetaceae;Actinomyces;sp._HMT_171	0.0940853820935161	1
Bacteria;Firmicutes;Negativicutes;Veillonellales;Veillonellaceae;Veillonella;parvula	0.0914954056850973	1
Bacteria;Actinobacteria;Actinobacteria;Propionibacteriales;Propionibacteriaceae;Arachnia;propionica	0.0912680594209682	1
Bacteria;Proteobacteria;Gammaproteobacteria;Xanthomonadales;Xanthomonadaceae;Stenotrophomonas;maltophilia	0.0899784600892087	1
Bacteria;Fusobacteria;Fusobacteriia;Fusobacteriales;Leptotrichiaceae;Leptotrichia;goodfellowii	0.0883203623518627	1
Bacteria;Bacteroidetes;Flavobacteriia;Flavobacteriales;Flavobacteriaceae;Capnocytophaga;sp._HMT_332	0.0881521759901073	1
Bacteria;Spirochaetes;Spirochaetia;Spirochaetales;Spirochaetaceae;Treponema;sp._HMT_256	0.0878044950913321	1
Bacteria;Bacteria_unclassified;Bacteria_unclassified;Bacteria_unclassified;Bacteria_unclassified;Bacteria_unclassified;Bacteria_unclassified	0.0843595764036912	1
Bacteria;Firmicutes;Bacilli;Lactobacillales;Lactobacillales_unclassified;Lactobacillales_unclassified;Lactobacillales_unclassified	0.0840325787424892	1
Bacteria;Proteobacteria;Gammaproteobacteria;Pasteurellales;Pasteurellaceae;Haemophilus;influenzae	0.0817236581255089	1
Bacteria;Bacteroidetes;Bacteroidia;Bacteroidales;Prevotellaceae;Prevotellaceae_unclassified;Prevotellaceae_unclassified	0.081721166400004	1
Bacteria;Proteobacteria;Betaproteobacteria;Burkholderiales;Comamonadaceae;Ottowia;sp._HMT_894	0.0810492266639831	1
Bacteria;Proteobacteria;Alphaproteobacteria;Sphingomonadales;Sphingomonadaceae;Porphyrobacter;tepidarius	0.0799364514361622	1
Bacteria;Proteobacteria;Epsilonproteobacteria;Campylobacterales;Campylobacteraceae;Campylobacter;sp._HMT_044	0.0784902509272846	1
Bacteria;Bacteroidetes;Bacteroidetes_[C-1];Bacteroidetes_[O-1];Bacteroidetes_[F-1];Bacteroidetes_[G-3];bacterium_HMT_503	0.0777309553228127	1
Bacteria;Bacteroidetes;Bacteroidia;Bacteroidales;Prevotellaceae;Prevotella;histicola	0.0776939239253909	1
Bacteria;Proteobacteria;Gammaproteobacteria;Enterobacterales;Enterobacteriaceae;Escherichia;coli	0.0764516358040352	1
Bacteria;Proteobacteria;Betaproteobacteria;Burkholderiales;Comamonadaceae;Leptothrix;sp._HMT_025	0.075549966508615	1
Bacteria;Bacteroidetes;Bacteroidia;Bacteroidales;Prevotellaceae;Alloprevotella;sp._HMT_308	0.0736327005649854	1
Bacteria;Proteobacteria;Betaproteobacteria;Neisseriales;Neisseriaceae;Neisseria;Neisseria_unclassified	0.0732870340394955	1
Bacteria;Saccharibacteria_(TM7);Saccharibacteria_(TM7)_[C-1];Saccharibacteria_(TM7)_[O-1];Saccharibacteria_(TM7)_[F-1];Saccharibacteria_(TM7)_[G-8];bacterium_HMT_955	0.0727106090875166	1
Bacteria;Firmicutes;Bacilli;Bacillales;Bacillales_unclassified;Bacillales_unclassified;Bacillales_unclassified	0.0719655649738023	1
Bacteria;Proteobacteria;Epsilonproteobacteria;Campylobacterales;Campylobacteraceae;Campylobacter;gracilis	0.071492373123425	1
Bacteria;Firmicutes;Clostridia;Clostridiales;Peptoniphilaceae;Peptoniphilaceae_[G-1];bacterium_HMT_113	0.0706340480146653	1
Bacteria;Spirochaetes;Spirochaetia;Spirochaetales;Spirochaetaceae;Treponema;sp._HMT_262	0.0699189735773398	1
Bacteria;Proteobacteria;Betaproteobacteria;Neisseriales;Neisseriaceae;Neisseria;perflava	0.0676151047867132	1
Bacteria;Bacteroidetes;Bacteroidia;Bacteroidales;Porphyromonadaceae;Porphyromonas;uenonis	0.0673598246402951	1
Bacteria;Firmicutes;Bacilli;Bacillales;Bacillaceae;Bacillaceae_unclassified;Bacillaceae_unclassified	0.0671579318314345	1
Bacteria;Firmicutes;Clostridia;Clostridiales;Lachnospiraceae_[XIV];Lachnospiraceae_[G-7];bacterium_HMT_086	0.0668807423068778	1
Bacteria;Proteobacteria;Gammaproteobacteria;Pseudomonadales;Moraxellaceae;Acinetobacter;Acinetobacter_unclassified	0.0640467834425228	1
Bacteria;Firmicutes;Clostridia;Clostridiales;Lachnospiraceae_[XIV];Lachnospiraceae_[XIV]_unclassified;Lachnospiraceae_[XIV]_unclassified	0.0629013125642908	1
Bacteria;Proteobacteria;Betaproteobacteria;Neisseriales;Neisseriaceae;Neisseria;subflava	0.0623865595353499	1
Bacteria;Saccharibacteria_(TM7);Saccharibacteria_(TM7)_[C-1];Saccharibacteria_(TM7)_[O-1];Saccharibacteria_(TM7)_[F-1];Saccharibacteria_(TM7)_[G-1];bacterium_HMT_352	0.0616349630679112	1
Bacteria;Actinobacteria;Actinobacteria;Actinomycetales;Actinomycetaceae;Actinomyces;sp._HMT_170	0.0615948373059621	1
Bacteria;Proteobacteria;Betaproteobacteria;Burkholderiales;Burkholderiaceae;Burkholderia;cepacia	0.0585636318061393	1
Bacteria;Spirochaetes;Spirochaetia;Spirochaetales;Spirochaetaceae;Treponema;sp._HMT_230	0.0580843162232466	1
Bacteria;Spirochaetes;Spirochaetia;Spirochaetales;Spirochaetaceae;Treponema;sp._HMT_238	0.0568058859642392	1
Bacteria;Spirochaetes;Spirochaetia;Spirochaetales;Spirochaetaceae;Treponema;sp._HMT_270	0.0567530860439681	1
Bacteria;Proteobacteria;Alphaproteobacteria;Caulobacterales;Caulobacteraceae;Caulobacter;sp._HMT_002	0.0566188008967105	1
Bacteria;Fusobacteria;Fusobacteriia;Fusobacteriales;Leptotrichiaceae;Leptotrichia;sp._HMT_221	0.0557294259753081	1
Bacteria;Firmicutes;Negativicutes;Veillonellales;Veillonellaceae;Veillonella;sp._HMT_780	0.0555801754623814	1
Bacteria;Actinobacteria;Actinobacteria;Actinomycetales;Actinomycetaceae;Actinomyces;johnsonii	0.0551372669929714	1
Bacteria;Firmicutes;Bacilli;Lactobacillales;Streptococcaceae;Streptococcus;oralis_subsp._dentisani_clade_058	0.0517606653350793	1
Bacteria;Proteobacteria;Deltaproteobacteria;Desulfovibrionales;Desulfovibrionaceae;Desulfovibrio;fairfieldensis	0.0499954155946972	1
Bacteria;Firmicutes;Clostridia;Clostridiales;Peptostreptococcaceae_[XI];Peptostreptococcaceae_[XI][G-1];bacterium_HMT_383	0.0498984089403307	1
Bacteria;Bacteroidetes;Sphingobacteriia;Sphingobacteriales;Sphingobacteriaceae;Pedobacter;Pedobacter_unclassified	0.0498848196548738	1
Bacteria;Bacteroidetes;Bacteroidia;Bacteroidales;Prevotellaceae;Alloprevotella;sp._HMT_914	0.0493183482890671	1
Bacteria;Actinobacteria;Actinobacteria;Actinomycetales;Actinomycetaceae;Actinomyces;Actinomyces_unclassified	0.0482321481864447	1
Bacteria;Bacteroidetes;Chitinophagia;Chitinophagales;Chitinophagaceae;Segetibacter;aerophilus	0.0481930925356949	1
Bacteria;Proteobacteria;Alphaproteobacteria;Sphingomonadales;Sphingomonadaceae;Novosphingobium;panipatense	0.0466956089770148	1
Bacteria;Proteobacteria;Alphaproteobacteria;Sphingomonadales;Sphingomonadaceae;Sphingomonas;Sphingomonas_unclassified	0.0459091161312009	1
Bacteria;Actinobacteria;Actinobacteria;Actinomycetales;Micrococcaceae;Micrococcus;luteus	0.0449116064527394	1
Bacteria;Proteobacteria;Gammaproteobacteria;Pasteurellales;Pasteurellaceae;Haemophilus;paraphrohaemolyticus	0.0445775362421628	1
Bacteria;Proteobacteria;Gammaproteobacteria;Pasteurellales;Pasteurellaceae;Aggregatibacter;sp._HMT_898	0.0443504977421072	1
Bacteria;Firmicutes;Bacilli;Lactobacillales;Streptococcaceae;Streptococcus;sinensis	0.0443176957945602	1
Bacteria;Firmicutes;Clostridia;Clostridiales;Peptoniphilaceae;Peptoniphilaceae_unclassified;Peptoniphilaceae_unclassified	0.0437720824767231	1
Bacteria;Firmicutes;Negativicutes;Veillonellales;Veillonellaceae;Veillonella;dispar	0.0431324614401655	1
Bacteria;Firmicutes;Negativicutes;Selenomonadales;Selenomonadaceae;Mitsuokella;sp._HMT_131	0.0431152203798407	1
Bacteria;Firmicutes;Bacilli;Bacillales;Bacillaceae;Bacillus;Bacillus_unclassified	0.0428779542168693	1
Bacteria;Firmicutes;Bacilli;Bacillales;Staphylococcaceae;Staphylococcus;capitis	0.0424877167125667	1
Bacteria;Firmicutes;Negativicutes;Veillonellales;Veillonellaceae;Veillonellaceae_[G-1];bacterium_HMT_483	0.0420491995790026	1
Bacteria;Proteobacteria;Gammaproteobacteria;Pseudomonadales;Moraxellaceae;Acinetobacter;johnsonii	0.0403232888655117	1
Bacteria;Proteobacteria;Gammaproteobacteria;Gammaproteobacteria_unclassified;Gammaproteobacteria_unclassified;Gammaproteobacteria_unclassified;Gammaproteobacteria_unclassified	0.039335302588191	1
Bacteria;Firmicutes;Clostridia;Clostridiales;Lachnospiraceae_[XIV];Lachnoanaerobaculum;sp._HMT_089	0.0379813870220619	1
Bacteria;Firmicutes;Clostridia;Clostridiales;Peptostreptococcaceae_[XI];Peptostreptococcaceae_[XI][G-6];[Eubacterium]_minutum	0.0378704468717587	1
Bacteria;Fusobacteria;Fusobacteriia;Fusobacteriales;Leptotrichiaceae;Leptotrichia;sp._HMT_223	0.0377426974675186	1
Bacteria;Firmicutes;Erysipelotrichia;Erysipelotrichales;Erysipelotrichaceae;Erysipelotrichaceae_[G-1];bacterium_HMT_905	0.0376538813798718	1
Bacteria;Bacteroidetes;Bacteroidia;Bacteroidales;Bacteroidaceae;Bacteroides;Bacteroides_unclassified	0.0376181629514023	1
Bacteria;Bacteroidetes;Bacteroidetes_[C-1];Bacteroidetes_[O-1];Bacteroidetes_[F-1];Bacteroidetes_[G-7];bacterium_HMT_911	0.0370368644636912	1
Bacteria;Spirochaetes;Spirochaetia;Spirochaetales;Spirochaetaceae;Treponema;sp._HMT_951	0.0357200820800163	1
Bacteria;Firmicutes;Clostridia;Clostridiales;Peptostreptococcaceae_[XI];Mogibacterium;timidum	0.0351212241924411	1
Bacteria;Proteobacteria;Betaproteobacteria;Neisseriales;Neisseriaceae;Kingella;sp._HMT_012	0.0345893102640694	1
Bacteria;Firmicutes;Clostridia;Clostridiales;Lachnospiraceae_[XIV];Lachnoanaerobaculum;orale	0.0337960453732043	1
Bacteria;Proteobacteria;Betaproteobacteria;Neisseriales;Neisseriaceae;Neisseria;bacilliformis	0.0327494373352335	1
Bacteria;Actinobacteria;Actinobacteria;Actinomycetales;Actinomycetaceae;Schaalia;georgiae	0.0322921165351154	1
Bacteria;Proteobacteria;Alphaproteobacteria;Rhizobiales;Brucellaceae;Ochrobactrum;anthropi	0.0316959047516599	1
Bacteria;Bacteroidetes;Bacteroidia;Bacteroidales;Prevotellaceae;Alloprevotella;sp._HMT_913	0.0312729930118388	1
Bacteria;Firmicutes;Clostridia;Clostridiales;Lachnospiraceae_[XIV];Stomatobaculum;sp._HMT_097	0.0309944731583942	1
Bacteria;Bacteroidetes;Flavobacteriia;Flavobacteriales;Flavobacteriaceae;Bergeyella;sp._HMT_900	0.0309097175349211	1
Bacteria;Bacteroidetes;Flavobacteriia;Flavobacteriales;Flavobacteriaceae;Capnocytophaga;sp._HMT_863	0.0308448034001488	1
Bacteria;Spirochaetes;Spirochaetia;Spirochaetales;Spirochaetaceae;Treponema;sp._HMT_234	0.0306133050222756	1
Bacteria;Proteobacteria;Betaproteobacteria;Burkholderiales;Burkholderiaceae;Cupriavidus;gilardii	0.0283140188960649	1
Bacteria;Fusobacteria;Fusobacteriia;Fusobacteriales;Fusobacteriaceae;Fusobacterium;sp._HMT_370	0.0282666441323773	1
Bacteria;Proteobacteria;Betaproteobacteria;Neisseriales;Neisseriaceae;Neisseriaceae_unclassified;Neisseriaceae_unclassified	0.0280630771117847	1
Bacteria;Firmicutes;Clostridia;Clostridiales;Lachnospiraceae_[XIV];Oribacterium;sinus	0.0274498692010911	1
Bacteria;Bacteroidetes;Bacteroidia;Bacteroidales;Porphyromonadaceae;Porphyromonas;sp._HMT_275	0.0274151332691278	1
Bacteria;Firmicutes;Clostridia;Clostridiales;Lachnospiraceae_[XIV];Oribacterium;asaccharolyticum	0.0271582574340347	1
Bacteria;Spirochaetes;Spirochaetia;Spirochaetales;Spirochaetaceae;Treponema;sp._HMT_247	0.0257164538636308	1
Bacteria;Proteobacteria;Betaproteobacteria;Burkholderiales;Commamonadaceae;Acidovorax;Acidovorax_unclassified	0.0252708990708712	1
Bacteria;Spirochaetes;Spirochaetia;Spirochaetales;Spirochaetaceae;Treponema;sp._HMT_517	0.0249302206111967	1
Bacteria;Firmicutes;Clostridia;Clostridiales;Peptostreptococcaceae_[XI];Peptostreptococcaceae_[XI][G-1];[Eubacterium]_sulci	0.0247644264594432	1
Bacteria;Bacteroidetes;Bacteroidetes_[C-1];Bacteroidetes_[O-1];Bacteroidetes_[F-1];Bacteroidetes_[G-3];bacterium_HMT_281	0.0240447472850086	1
Bacteria;Actinobacteria;Actinobacteria;Propionibacteriales;Propionibacteriaceae;Cutibacterium;acnes	0.0236797023554733	1
Bacteria;Firmicutes;Clostridia;Clostridiales;Lachnospiraceae_[XIV];Oribacterium;sp._HMT_102	0.02349761048762	1
Bacteria;Actinobacteria;Actinobacteria;Actinomycetales;Actinomycetaceae;Actinomyces;timonensis	0.0234967196395058	1
Bacteria;Saccharibacteria_(TM7);Saccharibacteria_(TM7)_[C-1];Saccharibacteria_(TM7)_[O-1];Saccharibacteria_(TM7)_[F-1];Saccharibacteria_(TM7)_[G-1];Saccharibacteria_(TM7)_[G-1]_unclassified	0.0233485820072011	1
Bacteria;Synergistetes;Synergistia;Synergistales;Dethiosulfovibrionaceae;Pyramidobacter;piscolens	0.0226569278457898	1
Bacteria;Proteobacteria;Alphaproteobacteria;Rhizobiales;Rhizobiaceae;Agrobacterium;tumefaciens	0.0222529139684124	1
Bacteria;Proteobacteria;Alphaproteobacteria;Sphingomonadales;Sphingomonadales_unclassified;Sphingomonadales_unclassified;Sphingomonadales_unclassified	0.0220372204498236	1
Bacteria;Actinobacteria;Actinobacteria;Corynebacteriales;Corynebacteriales_[F-1];Lawsonella;clevelandensis	0.0214798878238673	1
Bacteria;Actinobacteria;Actinobacteria;Actinomycetales;Actinomycetaceae;Actinomyces;sp._HMT_897	0.0213308186940132	1
Bacteria;Bacteroidetes;Flavobacteriia;Flavobacteriales;Flavobacteriaceae;Capnocytophaga;sp._HMT_864	0.021184486621231	1
Bacteria;Firmicutes;Negativicutes;Selenomonadales;Selenomonadaceae;Selenomonas;sp._HMT_442	0.021012590346577	1
Bacteria;Bacteroidetes;Sphingobacteriia;Sphingobacteriales;Sphingobacteriaceae;Pedobacter;sp._HMT_318	0.0208683392359372	1
Bacteria;Proteobacteria;Gammaproteobacteria;Enterobacterales;Enterobacteriaceae;Proteus;mirabilis	0.0207995763908633	1
Bacteria;Bacteroidetes;Flavobacteriia;Flavobacteriales;Flavobacteriaceae;Capnocytophaga;sp._HMT_412	0.0207238725659703	1
Bacteria;Actinobacteria;Actinobacteria;Actinomycetales;Actinomycetaceae;Schaalia;sp._HMT_877	0.0204176805210946	1
Bacteria;Absconditabacteria_(SR1);Absconditabacteria_(SR1)_[C-1];Absconditabacteria_(SR1)_[O-1];Absconditabacteria_(SR1)_[F-1];Absconditabacteria_(SR1)_[G-1];bacterium_HMT_875	0.0202205417460996	1
Bacteria;Proteobacteria;Betaproteobacteria;Burkholderiales;Comamonadaceae;Comamonas;testosteroni	0.0201367502758795	1
Bacteria;Proteobacteria;Gammaproteobacteria;Cardiobacteriales;Cardiobacteriaceae;Cardiobacterium;Cardiobacterium_unclassified	0.0200223570159478	1
Bacteria;Spirochaetes;Spirochaetia;Spirochaetales;Spirochaetaceae;Treponema;sp._HMT_226	0.0198735587184355	1
Bacteria;Actinobacteria;Actinobacteria;Propionibacteriales;Propionibacteriaceae;Arachnia;rubra	0.0198466770476625	1
Bacteria;Proteobacteria;Alphaproteobacteria;Rhizobiales;Rhizobiales_unclassified;Rhizobiales_unclassified;Rhizobiales_unclassified	0.0197963615987673	1
Bacteria;Firmicutes;Clostridia;Clostridiales;Peptococcaceae;Peptococcus;sp._HMT_168	0.0197637951896695	1
Bacteria;Proteobacteria;Gammaproteobacteria;Pasteurellales;Pasteurellaceae;Aggregatibacter;actinomycetemcomitans	0.0195709116260663	1
Bacteria;Gracilibacteria_(GN02);Gracilibacteria_(GN02)_[C-1];Gracilibacteria_(GN02)_[O-1];Gracilibacteria_(GN02)_[F-1];Gracilibacteria_(GN02)_[G-1];bacterium_HMT_871	0.0193779193991411	1
Bacteria;Proteobacteria;Alphaproteobacteria;Rhodobacterales;Rhodobacteraceae;Paracoccus;yeei	0.0184572463654218	1
Bacteria;Firmicutes;Bacilli;Bacillales;Staphylococcaceae;Staphylococcus;cohnii	0.0184479763808278	1
Bacteria;Proteobacteria;Gammaproteobacteria;Pseudomonadales;Moraxellaceae;Acinetobacter;junii	0.0182507934961989	1
Bacteria;Proteobacteria;Gammaproteobacteria;Pseudomonadales;Pseudomonadales_unclassified;Pseudomonadales_unclassified;Pseudomonadales_unclassified	0.0182450527854729	1
Bacteria;Actinobacteria;Actinobacteria;Actinomycetales;Actinomycetaceae;Actinomyces;sp._HMT_175	0.0181781786970386	1
Bacteria;Proteobacteria;Gammaproteobacteria;Pseudomonadales;Moraxellaceae;Moraxella;sp._HMT_276	0.0181733505750387	1
Bacteria;Proteobacteria;Gammaproteobacteria;Pseudomonadales;Pseudomonadaceae;Pseudomonas;aeruginosa	0.0181023252591367	1
Bacteria;Firmicutes;Clostridia;Clostridiales;Lachnospiraceae_[XIV];Lachnoanaerobaculum;sp._HMT_083	0.0180603838831191	1
Bacteria;Spirochaetes;Spirochaetia;Spirochaetales;Spirochaetaceae;Treponema;sp._HMT_268	0.0179617529988873	1
Bacteria;Proteobacteria;Alphaproteobacteria;Sphingomonadales;Sphingomonadaceae;Sphingomonadaceae_unclassified;Sphingomonadaceae_unclassified	0.0179422450789374	1
Bacteria;Spirochaetes;Spirochaetia;Spirochaetales;Spirochaetaceae;Treponema;sp._HMT_253	0.0176767463492082	1
Bacteria;Actinobacteria;Actinobacteria;Micrococcales;Microbacteriaceae;Microbacterium;flavescens	0.0175306563191323	1
Bacteria;Bacteroidetes;Chitinophagia;Chitinophagales;Chitinophagaceae;Chitinophagaceae_unclassified;Chitinophagaceae_unclassified	0.0174779643587528	1
Bacteria;Spirochaetes;Spirochaetia;Spirochaetales;Spirochaetaceae;Treponema;pectinovorum	0.0174684941491378	1
Bacteria;Actinobacteria;Actinobacteria;Actinomycetales;Actinomycetaceae;Actinomyces;sp._HMT_896	0.017381685131456	1
Bacteria;Firmicutes;Negativicutes;Selenomonadales;Selenomonadaceae;Selenomonas;sp._HMT_478	0.017368878703774	1
Bacteria;Firmicutes;Bacilli;Bacillales;Staphylococcaceae;Staphylococcus;caprae	0.0172434321547817	1
Bacteria;Firmicutes;Clostridia;Clostridiales;Lachnospiraceae_[XIV];Butyrivibrio;sp._HMT_455	0.0167405895869884	1
Bacteria;Proteobacteria;Gammaproteobacteria;Pseudomonadales;Moraxellaceae;Acinetobacter;lwoffii	0.0165111734172039	1
Bacteria;Firmicutes;Clostridia;Clostridiales;Lachnospiraceae_[XIV];Stomatobaculum;sp._HMT_910	0.016432674915655	1
Bacteria;Actinobacteria;Actinobacteria;Actinomycetales;Actinomycetaceae;Actinomyces;dentalis	0.0160676559289934	1
Bacteria;Firmicutes;Bacilli;Bacillales;Gemellaceae;Gemella;sp._HMT_928	0.0157441650497248	1
Bacteria;Proteobacteria;Deltaproteobacteria;Desulfovibrionales;Desulfomicrobiaceae;Desulfomicrobium;orale	0.0156513587912802	1
Bacteria;Actinobacteria;Actinobacteria;Actinomycetales;Micrococcaceae;Kocuria;Kocuria_unclassified	0.0155015449660723	1
Bacteria;Proteobacteria;Gammaproteobacteria;Pasteurellales;Pasteurellaceae;Aggregatibacter;paraphrophilus	0.0152148742514527	1
Bacteria;Bacteroidetes;Flavobacteriia;Flavobacteriales;Flavobacteriaceae;Capnocytophaga;ochracea	0.0150800795315931	1
Bacteria;Proteobacteria;Betaproteobacteria;Burkholderiales;Alcaligenaceae;Alcaligenaceae_unclassified;Alcaligenaceae_unclassified	0.0148162027209649	1
Bacteria;Bacteroidetes;Bacteroidia;Bacteroidales;Prevotellaceae;Prevotella;sp._HMT_305	0.0148085742381663	1
Bacteria;Proteobacteria;Alphaproteobacteria;Rhizobiales;Rhizobiaceae;Mesorhizobium;loti	0.0145035138129242	1
Bacteria;Firmicutes;Bacilli;Bacillales;Paenibacillaceae;Paenibacillus;Paenibacillus_unclassified	0.014490041205927	1
Bacteria;Firmicutes;Erysipelotrichia;Erysipelotrichales;Erysipelotrichaceae;Erysipelothrix;tonsillarum	0.0143991634217361	1
Bacteria;Proteobacteria;Alphaproteobacteria;Rhizobiales;Bradyrhizobiaceae;Afipia;broomeae	0.0143869456479779	1
Bacteria;Firmicutes;Bacilli;Lactobacillales;Carnobacteriaceae;Granulicatella;elegans	0.0139742036246802	1
Bacteria;Firmicutes;Negativicutes;Veillonellales;Veillonellaceae;Dialister;micraerophilus	0.0139136320978825	1
Bacteria;Proteobacteria;Betaproteobacteria;Rhodocyclales;Rhodocyclaceae;Rhodocyclus;sp._HMT_028	0.013758647233705	1
Bacteria;Firmicutes;Clostridia;Clostridiales;Lachnospiraceae_[XIV];Lachnospiraceae_[G-2];bacterium_HMT_096	0.0136127947206991	1
Bacteria;Actinobacteria;Actinobacteria;Actinomycetales;Micrococcaceae;Micrococcaceae_unclassified;Micrococcaceae_unclassified	0.0136100927936992	1
Bacteria;Firmicutes;Mollicutes;Mollicutes_[O-1];Mollicutes_[F-1];Mollicutes_[G-1];bacterium_HMT_504	0.0135861074650315	1
Bacteria;Proteobacteria;Betaproteobacteria;Neisseriales;Neisseriaceae;Kingella;sp._HMT_459	0.0134726115477098	1
Bacteria;Spirochaetes;Spirochaetia;Spirochaetales;Spirochaetaceae;Treponema;amylovorum	0.0134135636548796	1
Bacteria;Proteobacteria;Betaproteobacteria;Burkholderiales;Commamonadaceae;Acidovorax;temperans	0.0133966668348817	1
Bacteria;Actinobacteria;Actinobacteria;Micrococcales;Intrasporangiaceae;Janibacter;indicus	0.0133475874309726	1
Bacteria;Firmicutes;Bacilli;Lactobacillales;Streptococcaceae;Streptococcus;Streptococcus_unclassified	0.0131518659353564	1
Bacteria;Actinobacteria;Actinobacteria;Actinomycetales;Actinomycetaceae;Actinomyces;sp._HMT_525	0.013104437384546	1
Bacteria;Proteobacteria;Alphaproteobacteria;Alphaproteobacteria_unclassified;Alphaproteobacteria_unclassified;Alphaproteobacteria_unclassified;Alphaproteobacteria_unclassified	0.0129674751512528	1
Bacteria;Spirochaetes;Spirochaetia;Spirochaetales;Spirochaetaceae;Treponema;sp._HMT_254	0.0127513706380544	1
Bacteria;Bacteroidetes;Bacteroidia;Bacteroidales;Prevotellaceae;Prevotella;buccalis	0.0127339506772724	1
Bacteria;Proteobacteria;Alphaproteobacteria;Rhizobiales;Bradyrhizobiaceae;Afipia;Afipia_unclassified	0.0124868869457315	1
Bacteria;Saccharibacteria_(TM7);Saccharibacteria_(TM7)_[C-1];Saccharibacteria_(TM7)_[O-1];Saccharibacteria_(TM7)_[F-1];Saccharibacteria_(TM7)_[F-1]_unclassified;Saccharibacteria_(TM7)_[F-1]_unclassified	0.0122786668398818	1
Bacteria;Firmicutes;Clostridia;Clostridiales;Lachnospiraceae_[XIV];Oribacterium;parvum	0.0121594678778077	1
Bacteria;Firmicutes;Clostridia;Clostridiales;Ruminococcaceae;Ruminococcaceae_unclassified;Ruminococcaceae_unclassified	0.0120641367447846	1
Bacteria;Firmicutes;Bacilli;Bacilli_unclassified;Bacilli_unclassified;Bacilli_unclassified;Bacilli_unclassified	0.0120475423591892	1
Bacteria;Bacteroidetes;Bacteroidia;Bacteroidales;Prevotellaceae;Prevotella;sp._HMT_475	0.0119080849501674	1
Bacteria;Proteobacteria;Alphaproteobacteria;Caulobacterales;Caulobacteraceae;Caulobacteraceae_unclassified;Caulobacteraceae_unclassified	0.0119063931958311	1
Bacteria;Bacteroidetes;Bacteroidia;Bacteroidales;Prevotellaceae;Prevotella;fusca	0.0118950445481117	1
Bacteria;Bacteroidetes;Bacteroidia;Bacteroidales;Prevotellaceae;Prevotella;sp._HMT_309	0.0114375892663648	1
Bacteria;Firmicutes;Bacilli;Bacillales;Staphylococcaceae;Staphylococcus;auricularis	0.0113841360988723	1
Bacteria;Proteobacteria;Gammaproteobacteria;Pseudomonadales;Moraxellaceae;Acinetobacter;sp._HMT_408	0.0113318910390148	1
Bacteria;Proteobacteria;Betaproteobacteria;Burkholderiales;Commamonadaceae;Acidovorax;ebreus	0.011218061619134	1
Bacteria;Bacteroidetes;Bacteroidia;Bacteroidales;Prevotellaceae;Prevotella;sp._HMT_313	0.0112083927654137	1
Bacteria;Actinobacteria;Actinobacteria_unclassified;Actinobacteria_unclassified;Actinobacteria_unclassified;Actinobacteria_unclassified;Actinobacteria_unclassified	0.0111436993892049	1
Bacteria;Proteobacteria;Gammaproteobacteria;Xanthomonadales;Xanthomonadaceae;Stenotrophomonas;Stenotrophomonas_unclassified	0.0109483758942826	1
Bacteria;Firmicutes;Clostridia;Clostridiales;Peptoniphilaceae;Anaerococcus;sp._HMT_290	0.010921404057939	1
Bacteria;Firmicutes;Negativicutes;Selenomonadales;Selenomonadaceae;Selenomonas;sp._HMT_501	0.0109084415381479	1
Bacteria;Firmicutes;Negativicutes;Selenomonadales;Selenomonadaceae;Selenomonas;sp._HMT_388	0.0108952841017268	1
Bacteria;Firmicutes;Bacilli;Lactobacillales;Streptococcaceae;Streptococcus;pneumoniae	0.0108778894958645	1
Bacteria;Firmicutes;Erysipelotrichia;Erysipelotrichales;Erysipelotrichaceae;Erysipelotrichaceae_[G-1];bacterium_HMT_904	0.0107439098398537	1
Bacteria;Bacteroidetes;Flavobacteriia;Flavobacteriales;Flavobacteriaceae;Flavobacteriaceae_unclassified;Flavobacteriaceae_unclassified	0.0106677389368073	1
Bacteria;Firmicutes;Bacilli;Lactobacillales;Streptococcaceae;Streptococcus;pyogenes	0.0106489322290603	1
Bacteria;Proteobacteria;Betaproteobacteria;Burkholderiales;Alcaligenaceae;Achromobacter;xylosoxidans	0.0106193746427021	1
Bacteria;Proteobacteria;Gammaproteobacteria;Pseudomonadales;Moraxellaceae;Acinetobacter;baumannii	0.0105623583798999	1
Bacteria;Bacteroidetes;Bacteroidetes_[C-1];Bacteroidetes_[O-1];Bacteroidetes_[F-1];Bacteroidetes_[G-5];bacterium_HMT_507	0.0105306909802482	1
Bacteria;Actinobacteria;Actinobacteria;Actinomycetales;Actinomycetaceae;Actinomyces;graevenitzii	0.0104994361850456	1
Bacteria;Proteobacteria;Gammaproteobacteria;Xanthomonadales;Xanthomonadaceae;Stenotrophomonas;nitritireducens	0.0104694360504558	1
Bacteria;Bacteroidetes;Bacteroidetes_[C-1];Bacteroidetes_[O-1];Bacteroidetes_[F-1];Bacteroidetes_[G-3];bacterium_HMT_899	0.0100997170534178	1
Bacteria;Spirochaetes;Spirochaetia;Spirochaetales;Spirochaetaceae;Treponema;sp._HMT_263	0.0100717599131695	1
Bacteria;Firmicutes;Bacilli;Lactobacillales;Streptococcaceae;Streptococcus;thermophilus	0.00995481816253424	1
Bacteria;Bacteroidetes;Flavobacteriia;Flavobacteriales;Flavobacteriaceae;Bergeyella;sp._HMT_422	0.00995241780312839	1
Bacteria;Proteobacteria;Betaproteobacteria;Neisseriales;Neisseriaceae;Kingella;Kingella_unclassified	0.0098487232728173	1
Bacteria;Actinobacteria;Actinobacteria;Actinomycetales;Actinomycetaceae;Actinomyces;sp._HMT_448	0.00982751725085261	1
Bacteria;Spirochaetes;Spirochaetia;Spirochaetales;Spirochaetaceae;Treponema;sp._HMT_269	0.00972763791598824	1
Bacteria;Proteobacteria;Deltaproteobacteria;Bdellovibrionales;Bdellovibrionaceae;Bdellovibrio;sp._HMT_039	0.0097154276438074	1
Bacteria;Firmicutes;Negativicutes;Selenomonadales;Selenomonadaceae;Mitsuokella;sp._HMT_521	0.00968348243459872	1
Bacteria;Proteobacteria;Alphaproteobacteria;Rhizobiales;Bradyrhizobiaceae;Bradyrhizobiaceae_unclassified;Bradyrhizobiaceae_unclassified	0.00961724780631181	1
Bacteria;Actinobacteria;Actinobacteria;Actinomycetales;Actinomycetaceae;Actinomyces;sp._HMT_414	0.00956276959523847	1
Bacteria;Firmicutes;Clostridia;Clostridiales;Peptoniphilaceae;Anaerococcus;octavius	0.00953787105046926	1
Bacteria;Firmicutes;Bacilli;Lactobacillales;Lactobacillaceae;Lactobacillus;panis	0.00951027948664776	1
Bacteria;Proteobacteria;Gammaproteobacteria;Enterobacterales;Enterobacterales_unclassified;Enterobacterales_unclassified;Enterobacterales_unclassified	0.00948730634676407	1
Bacteria;Actinobacteria;Coriobacteriia;Coriobacteriales;Coriobacteriales_unclassified;Coriobacteriales_unclassified;Coriobacteriales_unclassified	0.00947129283445596	1
Bacteria;Proteobacteria;Betaproteobacteria;Burkholderiales;Burkholderiaceae;Ralstonia;sp._HMT_406	0.00943462420934419	1
Bacteria;Firmicutes;Clostridia;Clostridiales;Peptostreptococcaceae_[XI];Peptostreptococcaceae_[XI][G-7];bacterium_HMT_922	0.00942790679243451	1
Bacteria;Proteobacteria;Betaproteobacteria;Burkholderiales;Burkholderiaceae;Ralstonia;pickettii	0.00932753642449112	1
Bacteria;Firmicutes;Clostridia;Clostridiales;Peptoniphilaceae;Peptoniphilus;Peptoniphilus_unclassified	0.00931025069232785	1
Bacteria;Actinobacteria;Actinobacteria;Propionibacteriales;Propionibacteriaceae;Cutibacterium;granulosum	0.00916297767904477	1
Bacteria;Proteobacteria;Gammaproteobacteria;Enterobacterales;Enterobacteriaceae;Enterobacter;cancerogenus	0.00913175045964673	1
Bacteria;Proteobacteria;Alphaproteobacteria;Rhodospirillales;Rhodospirillales_[F-1];Enhydrobacter;aerosaccus	0.0091307378794874	1
Bacteria;Bacteroidetes;Bacteroidia;Bacteroidales;Prevotellaceae;Prevotella;aurantiaca	0.00913030445937198	1
Bacteria;Actinobacteria;Actinobacteria;Propionibacteriales;Propionibacteriaceae;Propionibacteriaceae_unclassified;Propionibacteriaceae_unclassified	0.00908472341802467	1
Bacteria;Proteobacteria;Betaproteobacteria;Burkholderiales;Comamonadaceae;Variovorax;paradoxus	0.00906844871584154	1
Bacteria;Firmicutes;Clostridia;Clostridiales;Peptostreptococcaceae_[XI];Peptostreptococcaceae_[XI]_unclassified;Peptostreptococcaceae_[XI]_unclassified	0.0090533129940076	1
Bacteria;Bacteroidetes;Sphingobacteriia;Sphingobacteriales;Sphingobacteriaceae;Pedobacter;sp._HMT_321	0.00904679546059344	1
Bacteria;Proteobacteria;Alphaproteobacteria;Rhodospirillales;Acetobacteraceae;Roseomonas;Roseomonas_unclassified	0.00903720448414557	1
Bacteria;Actinobacteria;Actinobacteria;Corynebacteriales;Corynebacteriaceae;Corynebacterium;jeikeium	0.00900870261601141	1
Bacteria;Proteobacteria;Betaproteobacteria;Burkholderiales;Commamonadaceae;Acidovorax;caeni	0.00898235011047578	1
Bacteria;Actinobacteria;Actinobacteria;Actinomycetales;Micrococcaceae;Kocuria;palustris	0.00893940319888601	1
Bacteria;Firmicutes;Bacilli;Bacillales;Bacillaceae;Lysinibacillus;fusiformis	0.00887794874835782	1
Bacteria;Bacteroidetes;Flavobacteriia;Flavobacteriales;Flavobacteriaceae;Capnocytophaga;sp._HMT_902	0.00887179869867905	1
Bacteria;Proteobacteria;Gammaproteobacteria;Pasteurellales;Pasteurellaceae;Haemophilus;pittmaniae	0.0088435071496934	1
Bacteria;Firmicutes;Clostridia;Clostridiales;Peptoniphilaceae;Peptoniphilaceae_[G-2];bacterium_HMT_790	0.00884240996318331	1
Bacteria;Firmicutes;Bacilli;Lactobacillales;Lactobacillaceae;Lactobacillus;sp._HMT_052	0.00882245883568259	1
Bacteria;Firmicutes;Bacilli;Lactobacillales;Streptococcaceae;Streptococcus;agalactiae	0.00879339935568599	1
Bacteria;Firmicutes;Clostridia;Clostridiales;Peptoniphilaceae;Peptoniphilus;sp._HMT_386	0.00869662560733267	1
Bacteria;Proteobacteria;Alphaproteobacteria;Rhizobiales;Phyllobacteriaceae;Defluvibacter;lusatiensis	0.00866484389334038	1
Bacteria;Actinobacteria;Actinobacteria;Micrococcales;Sanguibacteraceae;Sanguibacter;keddieii	0.00864473724030157	1
Bacteria;Firmicutes;Bacilli;Bacillales;Staphylococcaceae;Staphylococcus;Staphylococcus_unclassified	0.00863543711842024	1
Bacteria;Firmicutes;Bacilli;Bacillales;Staphylococcaceae;Staphylococcus;pasteuri	0.00860589744775168	1
Bacteria;Firmicutes;Mollicutes;Mycoplasmatales;Mycoplasmataceae;Mycoplasma;buccale	0.00848587727316302	1
Bacteria;Firmicutes;Bacilli;Bacillales;Bacillaceae;Bacillus;clausii	0.00848315298606082	1
Bacteria;Bacteroidetes;Bacteroidia;Bacteroidales;Bacteroidaceae;Bacteroidaceae_unclassified;Bacteroidaceae_unclassified	0.00845129162991295	1
Bacteria;Actinobacteria;Actinobacteria;Actinomycetales;Actinomycetaceae;Actinomycetaceae_unclassified;Actinomycetaceae_unclassified	0.00842800990641864	1
Bacteria;Actinobacteria;Actinobacteria;Corynebacteriales;Corynebacteriaceae;Corynebacterium;accolens	0.00841431671495356	1
Bacteria;Proteobacteria;Alphaproteobacteria;Rhodobacterales;Rhodobacteraceae;Rhodobacteraceae_unclassified;Rhodobacteraceae_unclassified	0.00835220525629055	1
Bacteria;Proteobacteria;Betaproteobacteria;Neisseriales;Neisseriaceae;Kingella;sp._HMT_932	0.0083210133797071	1
Bacteria;Firmicutes;Bacilli;Bacillales;Paenibacillaceae;Paenibacillus;phoenicis	0.00825900013022773	1
Bacteria;Actinobacteria;Actinobacteria;Corynebacteriales;Corynebacteriaceae;Turicella;otitidis	0.00824484255405066	1
Bacteria;Actinobacteria;Actinobacteria;Bifidobacteriales;Bifidobacteriaceae;Bifidobacterium;Bifidobacterium_unclassified	0.00823180836905953	1
Bacteria;Actinobacteria;Actinobacteria;Actinomycetales;Micrococcaceae;Kocuria;rhizophila	0.00821933184159568	1
Bacteria;Proteobacteria;Betaproteobacteria;Burkholderiales;Comamonadaceae;Leptothrix;Leptothrix_unclassified	0.00820567432211954	1
Bacteria;Firmicutes;Bacilli;Lactobacillales;Lactobacillaceae;Lactobacillus;jensenii	0.00819125937995274	1
Bacteria;Firmicutes;Bacilli;Lactobacillales;Carnobacteriaceae;Dolosigranulum;pigrum	0.00817341678300155	1
Bacteria;Actinobacteria;Actinobacteria;Actinomycetales;Dermacoccaceae;Kytococcus;sedentarius	0.00815998518187558	1
Bacteria;Firmicutes;Clostridia;Clostridiales;Peptostreptococcaceae_[XI];Peptostreptococcaceae_[XI][G-5];bacterium_HMT_493	0.00811323862854456	1
Bacteria;Bacteroidetes;Bacteroidia;Bacteroidales;Prevotellaceae;Prevotella;bivia	0.00810090876776525	1
Bacteria;Firmicutes;Bacilli;Lactobacillales;Enterococcaceae;Enterococcus;Enterococcus_unclassified	0.00810006506944586	1
Bacteria;Saccharibacteria_(TM7);Saccharibacteria_(TM7)_[C-1];Saccharibacteria_(TM7)_[O-1];Saccharibacteria_(TM7)_[F-1];Saccharibacteria_(TM7)_[G-7];bacterium_HMT_954	0.00809494336693584	1
Bacteria;Firmicutes;Negativicutes;Selenomonadales;Selenomonadaceae;Selenomonas;sp._HMT_937	0.00809098897787153	1
Bacteria;Actinobacteria;Actinobacteria;Corynebacteriales;Mycobacteriaceae;Mycobacterium;neoaurum	0.00808216239710116	1
Bacteria;Proteobacteria;Gammaproteobacteria;Pseudomonadales;Pseudomonadaceae;Pseudomonas;stutzeri	0.00806445667776937	1
Bacteria;Firmicutes;Bacilli;Lactobacillales;Enterococcaceae;Enterococcus;faecalis	0.0080600788817671	1
Bacteria;Proteobacteria;Epsilonproteobacteria;Campylobacterales;Campylobacteraceae;Campylobacter;ureolyticus	0.0080342968262723	1
Bacteria;Chlamydiae;Chlamydiia;Chlamydiales;Chlamydiaceae;Chlamydophila;pneumoniae	0.00803253506426725	1
Bacteria;Actinobacteria;Actinobacteria;Corynebacteriales;Corynebacteriaceae;Corynebacterium;coyleae	0.00801073624418419	1
Bacteria;Firmicutes;Negativicutes;Veillonellales;Veillonellaceae;Megasphaera;Megasphaera_unclassified	0.00800388786521405	1
Bacteria;Proteobacteria;Alphaproteobacteria;Sphingomonadales;Sphingomonadaceae;Sphingomonas;sp._HMT_006	0.00799207180675676	1
Bacteria;Bacteroidetes;Flavobacteriia;Flavobacteriales;Flavobacteriaceae;Bergeyella;sp._HMT_319	0.00798006972050478	1
Bacteria;Firmicutes;Clostridia;Clostridiales;Ruminococcaceae;Ruminococcaceae_[G-3];bacterium_HMT_366	0.00795691827161241	1
Bacteria;Bacteroidetes;Bacteroidia;Bacteroidales;Porphyromonadaceae;Porphyromonadaceae_unclassified;Porphyromonadaceae_unclassified	0.00786798035925322	1
Bacteria;Proteobacteria;Betaproteobacteria;Burkholderiales;Comamonadaceae;Leptothrix;sp._HMT_266	0.00785377776080089	1
Bacteria;Chloroflexi;Anaerolineae;Anaerolineales;Anaerolineaceae;Anaerolineaceae_unclassified;Anaerolineaceae_unclassified	0.00783504946136629	1
Bacteria;Bacteroidetes;Flavobacteriia;Flavobacteriales;Flavobacteriaceae;Capnocytophaga;sp._HMT_901	0.00771993008617604	1
Bacteria;Firmicutes;Bacilli;Lactobacillales;Lactobacillaceae;Lactobacillus;coleohominis	0.00771307730254871	1
Bacteria;Actinobacteria;Actinobacteria;Micrococcales;Dermabacteraceae;Dermabacter;hominis	0.00769907663774265	1
Bacteria;Synergistetes;Synergistia;Synergistales;Dethiosulfovibrionaceae;Jonquetella;anthropi	0.00765193615152778	1
Bacteria;Actinobacteria;Actinobacteria;Propionibacteriales;Propionibacteriaceae;Propionibacterium;acidifaciens	0.00764924850254623	1
Bacteria;Firmicutes;Clostridia;Clostridiales;Peptococcaceae;Peptococcus;Peptococcus_unclassified	0.00759569645570722	1
Bacteria;Proteobacteria;Deltaproteobacteria;Desulfovibrionales;Desulfovibrionaceae;Desulfovibrio;Desulfovibrio_unclassified	0.00755233873282647	1
Bacteria;Actinobacteria;Actinobacteria;Corynebacteriales;Corynebacteriaceae;Corynebacterium;singulare	0.00748418092091181	1
Bacteria;Firmicutes;Clostridia;Clostridiales;Peptostreptococcaceae_[XI];Peptostreptococcus;anaerobius	0.00745737060685797	1
Bacteria;Firmicutes;Bacilli;Lactobacillales;Lactobacillaceae;Lactobacillus;plantarum	0.00745114598846342	1
Bacteria;Proteobacteria;Betaproteobacteria;Burkholderiales;Burkholderiaceae;Burkholderiaceae_unclassified;Burkholderiaceae_unclassified	0.00744408490133058	1
Bacteria;Firmicutes;Negativicutes;Selenomonadales;Selenomonadaceae;Mitsuokella;Mitsuokella_unclassified	0.00743239881676269	1
Bacteria;Fusobacteria;Fusobacteriia;Fusobacteriales;Leptotrichiaceae;Sneathia;amnii_[Not_Validly_Published]	0.00741229996811622	1
Bacteria;Cyanobacteria;Oscillatoriophycideae;Oscillatoriophycideae;Oscillatoriales;Arthrospira;platensis	0.00739681692943729	1
Bacteria;Actinobacteria;Actinobacteria;Micrococcales;Microbacteriaceae;Microbacterium;Microbacterium_unclassified	0.00734439903998917	1
Bacteria;Bacteroidetes;Bacteroidia;Bacteroidales;Bacteroidaceae;Bacteroides;pyogenes	0.00730714918144134	1
Bacteria;Firmicutes;Bacilli;Bacillales;Listeriaceae;Brochothrix;thermosphacta	0.007276242930416	1
Bacteria;Spirochaetes;Spirochaetia;Spirochaetales;Spirochaetaceae;Treponema;sp._HMT_246	0.00727531091682472	1
Bacteria;Firmicutes;Clostridia;Clostridiales;Peptoniphilaceae;Peptoniphilus;harei	0.00723185707336486	1
Bacteria;Actinobacteria;Actinobacteria;Bifidobacteriales;Bifidobacteriaceae;Bifidobacteriaceae_[G-2];bacterium_HMT_407	0.00722837286489264	1
Bacteria;Firmicutes;Clostridia;Clostridiales;Lachnospiraceae_[XIV];Stomatobaculum;Stomatobaculum_unclassified	0.00720183111187853	1
Bacteria;Firmicutes;Clostridia;Clostridiales;Peptoniphilaceae;Anaerococcus;Anaerococcus_unclassified	0.00718700096150712	1
Bacteria;Firmicutes;Bacilli;Bacillales;Staphylococcaceae;Staphylococcus;warneri	0.00718229789000661	1
Bacteria;Actinobacteria;Actinobacteria;Actinomycetales;Actinomycetaceae;Schaalia;lingnae_[Not_Validly_Published]	0.00715043545629736	1
Bacteria;Fusobacteria;Fusobacteriia;Fusobacteriales;Leptotrichiaceae;Leptotrichia;sp._HMT_463	0.00715008832960811	1
Bacteria;Firmicutes;Bacilli;Bacillales;Bacillaceae;Bacillus;anthracis	0.00713213913819383	1
Bacteria;Actinobacteria;Actinobacteria;Corynebacteriales;Corynebacteriaceae;Corynebacterium;pseudodiphtheriticum	0.00704353175680986	1
Bacteria;Firmicutes;Bacilli;Bacillales;Staphylococcaceae;Staphylococcus;pettenkoferi	0.00702676808169107	1
Bacteria;Firmicutes;Clostridia;Clostridiales;Lachnospiraceae_[XIV];Lachnospiraceae_[G-2];Lachnospiraceae_[G-2]_unclassified	0.00702233604138414	1
Bacteria;Firmicutes;Bacilli;Lactobacillales;Lactobacillaceae;Lactobacillus;iners	0.00686774932593012	1
Bacteria;Proteobacteria;Alphaproteobacteria;Rhizobiales;Rhizobiaceae;Rhizobiaceae_unclassified;Rhizobiaceae_unclassified	0.00684442470701227	1
Bacteria;Firmicutes;Bacilli;Lactobacillales;Streptococcaceae;Streptococcus;cristatus_clade_886	0.00683110092889624	1
Bacteria;Spirochaetes;Spirochaetia;Spirochaetales;Spirochaetaceae;Treponema;sp._HMT_265	0.00676200336370745	1
Bacteria;Gracilibacteria_(GN02);Gracilibacteria_(GN02)_[C-1];Gracilibacteria_(GN02)_[O-1];Gracilibacteria_(GN02)_[F-1];Gracilibacteria_(GN02)_[G-1];Gracilibacteria_(GN02)_[G-1]_unclassified	0.00673967487894382	1
Bacteria;Firmicutes;Clostridia;Clostridiales;Peptoniphilaceae;Anaerococcus;sp._HMT_295	0.00668648917702396	1
Bacteria;Actinobacteria;Actinobacteria;Propionibacteriales;Propionibacteriaceae;Cutibacterium;Cutibacterium_unclassified	0.00668613262688698	1
Bacteria;Firmicutes;Negativicutes;Veillonellales;Veillonellaceae;Veillonellaceae_[G-1];bacterium_HMT_918	0.00665908695905769	1
Bacteria;Proteobacteria;Betaproteobacteria;Neisseriales;Neisseriaceae;Neisseria;sp._HMT_523	0.00664755242024035	1
Bacteria;Actinobacteria;Actinobacteria;Propionibacteriales;Propionibacteriaceae;Cutibacterium;sp._HMT_193	0.0065998025825448	1
Bacteria;Proteobacteria;Gammaproteobacteria;Enterobacterales;Yersiniaceae;Serratia;marcescens	0.00654582063455262	1
Bacteria;Firmicutes;Clostridia;Clostridiales;Peptoniphilaceae;Finegoldia;magna	0.00648861989124389	1
Bacteria;Spirochaetes;Spirochaetia;Spirochaetales;Spirochaetaceae;Treponema;sp._HMT_227	0.00648140258937111	1
Bacteria;Firmicutes;Clostridia;Clostridiales;Clostridiales_[F-1];Clostridiales_[F-1][G-2];bacterium_HMT_402	0.00646606940247947	1
Bacteria;Bacteroidetes;Flavobacteriia;Flavobacteriales;Flavobacteriaceae;Capnocytophaga;sp._HMT_380	0.00645505258398887	1
Bacteria;Actinobacteria;Actinobacteria;Bifidobacteriales;Bifidobacteriaceae;Bifidobacterium;animalis	0.00639511420411835	1
Bacteria;Bacteroidetes;Bacteroidia;Bacteroidales;Prevotellaceae;Prevotella;shahii	0.00639161618559846	1
Bacteria;Firmicutes;Bacilli;Lactobacillales;Carnobacteriaceae;Alloiococcus;otitis	0.00631581713246547	1
Bacteria;Firmicutes;Mollicutes;Mycoplasmatales;Mycoplasmataceae;Mycoplasma;fermentans	0.00630678864785652	1
Bacteria;Chloroflexi;Caldilineae;Caldilineales;Caldilineaceae;Caldilinea;aerophila	0.00628881749946618	1
Bacteria;Actinobacteria;Actinobacteria;Corynebacteriales;Corynebacteriaceae;Corynebacterium;sp._HMT_207	0.00627698986919151	1
Bacteria;Firmicutes;Bacilli;Bacillales;Listeriaceae;Listeria;monocytogenes	0.00626374396684265	1
Bacteria;Actinobacteria;Actinobacteria;Corynebacteriales;Corynebacteriaceae;Corynebacterium;afermentans	0.00612526908914439	1
Bacteria;Actinobacteria;Actinobacteria;Corynebacteriales;Corynebacteriaceae;Corynebacterium;mucifaciens	0.00610614296794437	1
Bacteria;Actinobacteria;Actinobacteria;Corynebacteriales;Mycobacteriaceae;Mycobacterium;tuberculosis	0.00605217206354927	1
Bacteria;Actinobacteria;Coriobacteriia;Coriobacteriales;Coriobacteriaceae;Atopobium;sp._HMT_416	0.00605141770105308	1
Bacteria;Actinobacteria;Actinobacteria;Micrococcales;Micrococcales_unclassified;Micrococcales_unclassified;Micrococcales_unclassified	0.00603093644200644	1
Bacteria;Actinobacteria;Actinobacteria;Bifidobacteriales;Bifidobacteriaceae;Bifidobacterium;breve	0.00602065293012447	1
Bacteria;Firmicutes;Clostridia;Clostridiales;Peptoniphilaceae;Peptoniphilus;sp._HMT_187	0.00601334002107772	1
Bacteria;Bacteroidetes;Bacteroidetes_[C-1];Bacteroidetes_[O-1];Bacteroidetes_[F-1];Bacteroidetes_[G-5];bacterium_HMT_505	0.00593997729468637	1
Bacteria;Bacteroidetes;Bacteroidia;Bacteroidales;Prevotellaceae;Alloprevotella;Alloprevotella_unclassified	0.00592046098581507	1
Bacteria;Bacteroidetes;Flavobacteriia;Flavobacteriales;Flavobacteriaceae;Capnocytophaga;sp._HMT_334	0.00581849671132794	1
Bacteria;Actinobacteria;Actinobacteria;Bifidobacteriales;Bifidobacteriaceae;Parascardovia;denticolens	0.0058174452980911	1
Bacteria;Firmicutes;Negativicutes;Veillonellales;Veillonellaceae;Veillonellaceae_[G-1];bacterium_HMT_148	0.00574208116919468	1
Bacteria;Spirochaetes;Spirochaetia;Spirochaetales;Spirochaetaceae;Treponema;sp._HMT_518	0.0056635336877255	1
Bacteria;Bacteroidetes;Bacteroidia;Bacteroidales;Porphyromonadaceae;Tannerella;sp._HMT_916	0.00564454863813841	1
Bacteria;Absconditabacteria_(SR1);Absconditabacteria_(SR1)_[C-1];Absconditabacteria_(SR1)_[O-1];Absconditabacteria_(SR1)_[F-1];Absconditabacteria_(SR1)_[G-1];Absconditabacteria_(SR1)_[G-1]_unclassified	0.00560401345868634	1
Bacteria;Actinobacteria;Actinobacteria;Propionibacteriales;Propionibacteriaceae;Propionibacteriaceae_[G-2];bacterium_HMT_192	0.0055991626945703	1
Bacteria;Proteobacteria;Gammaproteobacteria;Enterobacterales;Enterobacteriaceae;Klebsiella;aerogenes	0.00553565982416944	1
Bacteria;Proteobacteria;Betaproteobacteria;Burkholderiales;Alcaligenaceae;Bordetella;pertussis	0.0054397402402986	1
Bacteria;Proteobacteria;Epsilonproteobacteria;Campylobacterales;Helicobacteraceae;Helicobacter;pylori	0.00542628079518155	1
Bacteria;Firmicutes;Bacilli;Lactobacillales;Streptococcaceae;Streptococcus;lactarius	0.00539172079512651	1
Bacteria;Proteobacteria;Proteobacteria_unclassified;Proteobacteria_unclassified;Proteobacteria_unclassified;Proteobacteria_unclassified;Proteobacteria_unclassified	0.00536404425971037	1
Bacteria;Firmicutes;Clostridia;Clostridiales;Peptoniphilaceae;Anaerococcus;sp._HMT_294	0.00532457501944626	1
Bacteria;Proteobacteria;Epsilonproteobacteria;Campylobacterales;Campylobacteraceae;Campylobacter;Campylobacter_unclassified	0.00530647604851914	1
Bacteria;Bacteroidetes;Bacteroidia;Bacteroidales;Prevotellaceae;Prevotella;scopos	0.00528440121394867	1
Bacteria;Firmicutes;Negativicutes;Veillonellales;Veillonellaceae;Megasphaera;sp._HMT_841	0.00524603873641588	1
Bacteria;Firmicutes;Clostridia;Clostridiales;Peptoniphilaceae;Peptoniphilaceae_[G-3];bacterium_HMT_929	0.00524076925590103	1
Bacteria;Actinobacteria;Actinobacteria;Corynebacteriales;Corynebacteriaceae;Corynebacterium;appendicis	0.00522142866714567	1
Bacteria;Spirochaetes;Spirochaetia;Spirochaetales;Spirochaetaceae;Treponema;sp._HMT_490	0.00521733279185957	1
Bacteria;Proteobacteria;Alphaproteobacteria;Rhodospirillales;Acetobacteraceae;Roseomonas;mucosa	0.00512096970020814	1
Bacteria;Firmicutes;Bacilli;Bacillales;Staphylococcaceae;Staphylococcus;aureus	0.00507474003206125	1
Bacteria;Proteobacteria;Betaproteobacteria;Neisseriales;Neisseriaceae;Neisseria;sp._HMT_020	0.00500829364362984	1
Bacteria;Proteobacteria;Betaproteobacteria;Burkholderiales;Comamonadaceae;Schlegelella;aquatica	0.00499853376331127	0
Bacteria;Firmicutes;Clostridia;Clostridiales;Peptostreptococcaceae_[XI];Peptostreptococcaceae_[XI][G-7];Peptostreptococcaceae_[XI][G-7]_unclassified	0.00499250777765368	0
Bacteria;Actinobacteria;Actinobacteria;Actinomycetales;Actinomycetales_unclassified;Actinomycetales_unclassified;Actinomycetales_unclassified	0.00496001733891779	0
Bacteria;Bacteroidetes;Bacteroidia;Bacteroidales;Prevotellaceae;Alloprevotella;sp._HMT_912	0.004924878940086	0
Bacteria;Firmicutes;Bacilli;Bacillales;Bacillaceae;Anoxybacillus;flavithermus	0.00492181097973231	0
Bacteria;Bacteroidetes;Bacteroidetes_[C-1];Bacteroidetes_[O-1];Bacteroidetes_[F-1];Bacteroidetes_[G-3];bacterium_HMT_436	0.0048767783038167	0
Bacteria;Firmicutes;Negativicutes;Selenomonadales;Selenomonadaceae;Selenomonas;sp._HMT_920	0.00485685958555163	0
Bacteria;Bacteroidetes;Bacteroidia;Bacteroidales;Bacteroidales_unclassified;Bacteroidales_unclassified;Bacteroidales_unclassified	0.00474532395770883	0
Bacteria;Firmicutes;Clostridia;Clostridiales;Peptostreptococcaceae_[XI];Peptostreptococcaceae_[XI][G-8];bacterium_HMT_382	0.0045350488042325	0
Bacteria;Actinobacteria;Coriobacteriia;Coriobacteriales;Atopobiaceae;Olsenella;sp._HMT_809	0.00425780614527703	0
Bacteria;Firmicutes;Clostridia;Clostridiales;Peptoniphilaceae;Peptoniphilus;lacrimalis	0.00420880532444782	0
Bacteria;Actinobacteria;Actinobacteria;Propionibacteriales;Propionibacteriaceae;Propionibacteriaceae_[G-1];bacterium_HMT_915	0.00412338078000053	0
Bacteria;Actinobacteria;Actinobacteria;Corynebacteriales;Mycobacteriaceae;Mycobacterium;Mycobacterium_unclassified	0.00407927417059168	0
Bacteria;Actinobacteria;Actinobacteria;Bifidobacteriales;Bifidobacteriaceae;Alloscardovia;omnicolens	0.00405163744159666	0
Bacteria;Firmicutes;Clostridia;Clostridiales;Peptostreptococcaceae_[XI];Mogibacterium;vescum	0.00400463994755731	0
Bacteria;Firmicutes;Clostridia;Clostridiales;Peptoniphilaceae;Parvimonas;Parvimonas_unclassified	0.00394531736834058	0
Bacteria;Fusobacteria;Fusobacteriia;Fusobacteriales;Leptotrichiaceae;Leptotrichia;sp._HMT_879	0.00390808341258417	0
Bacteria;Firmicutes;Negativicutes;Selenomonadales;Selenomonadaceae;Selenomonas;sp._HMT_149	0.00377079482396808	0
Bacteria;Bacteroidetes;Flavobacteriia;Flavobacteriales;Flavobacteriaceae;Capnocytophaga;sp._HMT_878	0.00373614802061455	0
Bacteria;Fusobacteria;Fusobacteriia;Fusobacteriales;Leptotrichiaceae;Leptotrichiaceae_unclassified;Leptotrichiaceae_unclassified	0.00360891288210171	0
Bacteria;Actinobacteria;Actinobacteria;Actinomycetales;Actinomycetaceae;Actinomyces;oricola	0.00356229967667836	0
Bacteria;Fusobacteria;Fusobacteriia;Fusobacteriales;Fusobacteriaceae;Fusobacterium;necrophorum	0.00354098597181099	0
Bacteria;Proteobacteria;Gammaproteobacteria;Enterobacterales;Enterobacteriaceae;Kluyvera;ascorbata	0.00332830942604712	0
Bacteria;Spirochaetes;Spirochaetia;Spirochaetales;Spirochaetaceae;Treponema;sp._HMT_235	0.00318528954121536	0
Bacteria;Proteobacteria;Gammaproteobacteria;Enterobacterales;Enterobacteriaceae;Klebsiella;pneumoniae	0.00299352747021782	0
Bacteria;Actinobacteria;Coriobacteriia;Coriobacteriales;Coriobacteriaceae;Atopobium;Atopobium_unclassified	0.00298112339680753	0
Bacteria;Proteobacteria;Gammaproteobacteria;Pasteurellales;Pasteurellaceae;Aggregatibacter;sp._HMT_949	0.00297540193232272	0
Bacteria;Spirochaetes;Spirochaetia;Spirochaetales;Spirochaetaceae;Treponema;sp._HMT_228	0.0029559449565847	0
Bacteria;Fusobacteria;Fusobacteriia;Fusobacteriales;Fusobacteriales_unclassified;Fusobacteriales_unclassified;Fusobacteriales_unclassified	0.00280101751398503	0
Bacteria;Firmicutes;Clostridia;Clostridiales;Lachnospiraceae_[XIV];Butyrivibrio;sp._HMT_090	0.00274794055291485	0
Bacteria;Actinobacteria;Actinobacteria;Actinomycetales;Dietziaceae;Dietzia;cinnamea	0.0027181401627284	0
Bacteria;Bacteroidetes;Flavobacteriia;Flavobacteriales;Flavobacteriaceae;Capnocytophaga;haemolytica	0.00269964675489267	0
Bacteria;Spirochaetes;Spirochaetia;Spirochaetales;Spirochaetaceae;Treponema;sp._HMT_242	0.00269486813345701	0
Bacteria;Spirochaetes;Spirochaetia;Spirochaetales;Spirochaetaceae;Treponema;sp._HMT_271	0.00266788559747287	0
Bacteria;Actinobacteria;Actinobacteria;Corynebacteriales;Corynebacteriales_unclassified;Corynebacteriales_unclassified;Corynebacteriales_unclassified	0.00258299603567404	0
Bacteria;Fusobacteria;Fusobacteriia;Fusobacteriales;Leptotrichiaceae;Sneathia;sanguinegens	0.00257390223226788	0
Bacteria;Bacteroidetes;Bacteroidia;Bacteroidales;Porphyromonadaceae;Tannerella;Tannerella_unclassified	0.00250317576492884	0
Bacteria;Actinobacteria;Actinobacteria;Bifidobacteriales;Bifidobacteriaceae;Scardovia;inopinata	0.00247767076177466	0
Bacteria;Firmicutes;Bacilli;Bacillales;Staphylococcaceae;Staphylococcus;hominis	0.00244056556229576	0
Bacteria;Proteobacteria;Gammaproteobacteria;Pasteurellales;Pasteurellaceae;Pasteurellaceae_unclassified;Pasteurellaceae_unclassified	0.00241373838319468	0
Bacteria;Firmicutes;Negativicutes;Selenomonadales;Selenomonadaceae;Selenomonas;sp._HMT_481	0.00230634851225998	0
Bacteria;Proteobacteria;Betaproteobacteria;Neisseriales;Neisseriaceae;Eikenella;Eikenella_unclassified	0.00224253467069124	0
Bacteria;Bacteroidetes;Bacteroidia;Bacteroidales;Prevotellaceae;Prevotella;sp._HMT_942	0.00218167125334645	0
Bacteria;Actinobacteria;Coriobacteriia;Eggerthellales;Eggerthellaceae;Eggerthellaceae_unclassified;Eggerthellaceae_unclassified	0.00207947569656741	0
Bacteria;Bacteroidetes;Bacteroidetes_[C-1];Bacteroidetes_[O-1];Bacteroidetes_[F-1];Bacteroidetes_[G-5];Bacteroidetes_[G-5]_unclassified	0.00203461957539829	0
Bacteria;Firmicutes;Clostridia;Clostridiales;Peptostreptococcaceae_[XI];Peptostreptococcaceae_[XI][G-3];bacterium_HMT_950	0.0020206078212149	0
Bacteria;Proteobacteria;Betaproteobacteria;Burkholderiales;Comamonadaceae;Schlegelella;Schlegelella_unclassified	0.00199608155988803	0
Bacteria;Firmicutes;Erysipelotrichia;Erysipelotrichales;Erysipelotrichaceae;Erysipelotrichaceae_unclassified;Erysipelotrichaceae_unclassified	0.00194914686567169	0
Bacteria;Firmicutes;Bacilli;Lactobacillales;Streptococcaceae;Streptococcus;australis	0.00186578130980511	0
Bacteria;Actinobacteria;Actinobacteria;Actinomycetales;Actinomycetaceae;Schaalia;odontolyticus	0.00185711071596929	0
Bacteria;Firmicutes;Clostridia;Clostridiales;Lachnospiraceae_[XIV];Lachnospiraceae_[G-2];bacterium_HMT_088	0.00183641105385583	0
Bacteria;Firmicutes;Bacilli;Bacillales;Bacillaceae;Bacillus;subtilis	0.00182446771980154	0
Bacteria;Firmicutes;Mollicutes;Mycoplasmatales;Mycoplasmataceae;Mycoplasma;lipophilum	0.00178286859069835	0
Bacteria;Bacteroidetes;Bacteroidia;Bacteroidales;Prevotellaceae;Prevotella;enoeca	0.00168515208191794	0
Bacteria;Firmicutes;Bacilli;Lactobacillales;Streptococcaceae;Streptococcus;downei	0.00165701663361778	0
Bacteria;Firmicutes;Clostridia;Clostridiales;Peptostreptococcaceae_[XI];Peptostreptococcaceae_[XI][G-6];Peptostreptococcaceae_[XI][G-6]_unclassified	0.00161104781193287	0
Bacteria;Actinobacteria;Actinobacteria;Actinomycetales;Actinomycetaceae;Schaalia;sp._HMT_172	0.0016027967703668	0
Bacteria;Bacteroidetes;Bacteroidetes_[C-1];Bacteroidetes_[O-1];Bacteroidetes_[F-1];Bacteroidetes_[F-1]_unclassified;Bacteroidetes_[F-1]_unclassified	0.00158455345028327	0
Bacteria;Actinobacteria;Actinobacteria;Bifidobacteriales;Bifidobacteriaceae;Bifidobacterium;subtile	0.00152077099734256	0
Bacteria;Proteobacteria;Betaproteobacteria;Neisseriales;Neisseriaceae;Simonsiella;muelleri	0.00151202502474057	0
Bacteria;Firmicutes;Mollicutes;Mycoplasmatales;Mycoplasmataceae;Mycoplasma;Mycoplasma_unclassified	0.00143280225046841	0
Bacteria;Proteobacteria;Gammaproteobacteria;Pasteurellales;Pasteurellaceae;Haemophilus;Haemophilus_unclassified	0.00118613251601736	0
Bacteria;Firmicutes;Bacilli;Lactobacillales;Lactobacillaceae;Lactobacillus;paracasei	0.00111853177218567	0
Bacteria;Actinobacteria;Coriobacteriia;Coriobacteriia_unclassified;Coriobacteriia_unclassified;Coriobacteriia_unclassified;Coriobacteriia_unclassified	0.00100516315029123	0
Bacteria;Firmicutes;Clostridia;Clostridiales;Peptostreptococcaceae_[XI];Peptostreptococcaceae_[XI][G-3];bacterium_HMT_495	0.000987547624650483	0
Bacteria;Actinobacteria;Actinobacteria;Micrococcales;Brevibacteriaceae;Brevibacterium;paucivorans	0.000977965076874243	0
Bacteria;Firmicutes;Clostridia;Clostridiales;Syntrophomonadaceae_[VIII];Syntrophomonadaceae_[VIII][G-1];bacterium_HMT_435	0.000966300050301761	0
Bacteria;Bacteroidetes;Flavobacteriia;Flavobacteriales;Flavobacteriaceae;Bergeyella;sp._HMT_931	0.000846545398725895	0
Bacteria;Bacteroidetes;Bacteroidia;Bacteroidales;Porphyromonadaceae;Porphyromonas;asaccharolytica	0.000614844852256686	0
Bacteria;Firmicutes;Bacilli;Bacillales;Gemellaceae;Gemella;Gemella_unclassified	0.000597217833877822	0
Bacteria;Spirochaetes;Spirochaetia;Spirochaetales;Spirochaetaceae;Treponema;sp._HMT_264	0.000530911383530757	0
Bacteria;Firmicutes;Clostridia;Clostridiales;Lachnospiraceae_[XIV];Oribacterium;Oribacterium_unclassified	0.000456943434624982	0
Bacteria;Fusobacteria;Fusobacteriia;Fusobacteriales;Leptotrichiaceae;Leptotrichia;sp._HMT_847	0.000318206691938256	0
Bacteria;Firmicutes;Bacilli;Bacillales;Staphylococcaceae;Jeotgalicoccus;huakuii	0.000274642891398842	0
Bacteria;Firmicutes;Clostridia;Clostridiales;Lachnospiraceae_[XIV];Lachnoanaerobaculum;sp._HMT_496	0.00016096217209717	0
Bacteria;Firmicutes;Bacilli;Lactobacillales;Streptococcaceae;Streptococcus;sobrinus	5.92832091958389e-05	0
Bacteria;Actinobacteria;Actinobacteria;Actinomycetales;Actinomycetaceae;Peptidiphaga;Peptidiphaga_unclassified	0	0
Bacteria;Actinobacteria;Actinobacteria;Actinomycetales;Actinomycetaceae;Peptidiphaga;gingivicola	0	0
Bacteria;Actinobacteria;Actinobacteria;Actinomycetales;Actinomycetaceae;Schaalia;Schaalia_unclassified	0	0
Bacteria;Actinobacteria;Actinobacteria;Actinomycetales;Micrococcaceae;Rothia;Rothia_unclassified	0	0
Bacteria;Actinobacteria;Actinobacteria;Bifidobacteriales;Bifidobacteriaceae;Bifidobacterium;longum	0	0
Bacteria;Actinobacteria;Actinobacteria;Bifidobacteriales;Bifidobacteriaceae;Scardovia;wiggsiae	0	0
Bacteria;Actinobacteria;Actinobacteria;Corynebacteriales;Corynebacteriaceae;Corynebacterium;Corynebacterium_unclassified	0	0
Bacteria;Actinobacteria;Actinobacteria;Corynebacteriales;Corynebacteriaceae;Corynebacterium;kroppenstedtii	0	0
Bacteria;Actinobacteria;Actinobacteria;Corynebacteriales;Corynebacteriaceae;Corynebacterium;tuberculostearicum	0	0
Bacteria;Actinobacteria;Actinobacteria;Propionibacteriales;Propionibacteriaceae;Cutibacterium;avidum	0	0
Bacteria;Actinobacteria;Coriobacteriia;Coriobacteriales;Atopobiaceae;Olsenella;Olsenella_unclassified	0	0
Bacteria;Actinobacteria;Coriobacteriia;Coriobacteriales;Atopobiaceae;Olsenella;profusa	0	0
Bacteria;Actinobacteria;Coriobacteriia;Coriobacteriales;Coriobacteriaceae;Atopobium;parvulum	0	0
Bacteria;Actinobacteria;Coriobacteriia;Coriobacteriales;Coriobacteriaceae;Atopobium;sp._HMT_810	0	0
Bacteria;Actinobacteria;Coriobacteriia;Eggerthellales;Eggerthellaceae;Cryptobacterium;curtum	0	0
Bacteria;Bacteroidetes;Bacteroidetes_[C-1];Bacteroidetes_[O-1];Bacteroidetes_[F-1];Bacteroidetes_[G-3];Bacteroidetes_[G-3]_unclassified	0	0
Bacteria;Bacteroidetes;Bacteroidetes_[C-1];Bacteroidetes_[O-1];Bacteroidetes_[F-1];Bacteroidetes_[G-4];bacterium_HMT_509	0	0
Bacteria;Bacteroidetes;Bacteroidetes_[C-2];Bacteroidetes_[O-2];Bacteroidetes_[F-2];Bacteroidetes_[G-6];bacterium_HMT_516	0	0
Bacteria;Bacteroidetes;Bacteroidia;Bacteroidales;Bacteroidaceae;Bacteroides;heparinolyticus	0	0
Bacteria;Bacteroidetes;Bacteroidia;Bacteroidales;Bacteroidaceae;Bacteroides;zoogleoformans	0	0
Bacteria;Bacteroidetes;Bacteroidia;Bacteroidales;Porphyromonadaceae;Porphyromonas;sp._HMT_277	0	0
Bacteria;Bacteroidetes;Bacteroidia;Bacteroidales;Porphyromonadaceae;Porphyromonas;sp._HMT_285	0	0
Bacteria;Bacteroidetes;Bacteroidia;Bacteroidales;Porphyromonadaceae;Porphyromonas;sp._HMT_930	0	0
Bacteria;Bacteroidetes;Bacteroidia;Bacteroidales;Prevotellaceae;Prevotella;loescheii	0	0
Bacteria;Bacteroidetes;Bacteroidia;Bacteroidales;Prevotellaceae;Prevotella;multiformis	0	0
Bacteria;Bacteroidetes;Bacteroidia;Bacteroidales;Prevotellaceae;Prevotella;multisaccharivorax	0	0
Bacteria;Bacteroidetes;Bacteroidia;Bacteroidales;Prevotellaceae;Prevotella;nanceiensis	0	0
Bacteria;Bacteroidetes;Bacteroidia;Bacteroidales;Prevotellaceae;Prevotella;sp._HMT_306	0	0
Bacteria;Bacteroidetes;Bacteroidia;Bacteroidales;Prevotellaceae;Prevotella;sp._HMT_396	0	0
Bacteria;Bacteroidetes;Bacteroidia;Bacteroidales;Prevotellaceae;Prevotella;sp._HMT_515	0	0
Bacteria;Bacteroidetes;Bacteroidia;Bacteroidales;Prevotellaceae;Prevotella;sp._HMT_820	0	0
Bacteria;Bacteroidetes;Flavobacteriia;Flavobacteriales;Flavobacteriaceae;Bergeyella;sp._HMT_206	0	0
Bacteria;Bacteroidetes;Flavobacteriia;Flavobacteriales;Flavobacteriaceae;Capnocytophaga;sp._HMT_323	0	0
Bacteria;Bacteroidetes;Flavobacteriia;Flavobacteriales;Flavobacteriaceae;Capnocytophaga;sp._HMT_324	0	0
Bacteria;Bacteroidetes;Flavobacteriia;Flavobacteriales;Flavobacteriaceae;Capnocytophaga;sp._HMT_335	0	0
Bacteria;Bacteroidetes;Flavobacteriia;Flavobacteriales;Flavobacteriaceae;Capnocytophaga;sp._HMT_903	0	0
Bacteria;Firmicutes;Bacilli;Bacillales;Gemellaceae;Gemella;bergeri	0	0
Bacteria;Firmicutes;Bacilli;Bacillales;Staphylococcaceae;Staphylococcus;haemolyticus	0	0
Bacteria;Firmicutes;Bacilli;Lactobacillales;Aerococcaceae;Aerococcus;viridans	0	0
Bacteria;Firmicutes;Bacilli;Lactobacillales;Lactobacillaceae;Lactobacillus;Lactobacillus_unclassified	0	0
Bacteria;Firmicutes;Bacilli;Lactobacillales;Lactobacillaceae;Lactobacillus;acidophilus	0	0
Bacteria;Firmicutes;Bacilli;Lactobacillales;Lactobacillaceae;Lactobacillus;casei	0	0
Bacteria;Firmicutes;Bacilli;Lactobacillales;Lactobacillaceae;Lactobacillus;crispatus	0	0
Bacteria;Firmicutes;Bacilli;Lactobacillales;Lactobacillaceae;Lactobacillus;fermentum	0	0
Bacteria;Firmicutes;Bacilli;Lactobacillales;Lactobacillaceae;Lactobacillus;gasseri	0	0
Bacteria;Firmicutes;Bacilli;Lactobacillales;Lactobacillaceae;Lactobacillus;oris	0	0
Bacteria;Firmicutes;Bacilli;Lactobacillales;Lactobacillaceae;Lactobacillus;reuteri_clade_938	0	0
Bacteria;Firmicutes;Bacilli;Lactobacillales;Lactobacillaceae;Lactobacillus;salivarius	0	0
Bacteria;Firmicutes;Bacilli;Lactobacillales;Lactobacillaceae;Lactobacillus;ultunensis	0	0
Bacteria;Firmicutes;Bacilli;Lactobacillales;Lactobacillaceae;Lactobacillus;vaginalis	0	0
Bacteria;Firmicutes;Bacilli;Lactobacillales;Streptococcaceae;Lactococcus;lactis	0	0
Bacteria;Firmicutes;Bacilli;Lactobacillales;Streptococcaceae;Streptococcus;peroris	0	0
Bacteria;Firmicutes;Clostridia;Clostridiales;Clostridiales_unclassified;Clostridiales_unclassified;Clostridiales_unclassified	0	0
Bacteria;Firmicutes;Clostridia;Clostridiales;Lachnospiraceae_[XIV];Catonella;Catonella_unclassified	0	0
Bacteria;Firmicutes;Clostridia;Clostridiales;Lachnospiraceae_[XIV];Lachnospiraceae_[G-10];bacterium_HMT_094	0	0
Bacteria;Firmicutes;Clostridia;Clostridiales;Lachnospiraceae_[XIV];Lachnospiraceae_[G-7];bacterium_HMT_163	0	0
Bacteria;Firmicutes;Clostridia;Clostridiales;Peptostreptococcaceae_[XI];Peptostreptococcaceae_[XI][G-1];Peptostreptococcaceae_[XI][G-1]_unclassified	0	0
Bacteria;Firmicutes;Clostridia;Clostridiales;Peptostreptococcaceae_[XI];Peptostreptococcaceae_[XI][G-7];[Eubacterium]_yurii_subsp._schtitka	0	0
Bacteria;Firmicutes;Clostridia;Clostridiales;Ruminococcaceae;Fastidiosipila;sanguinis	0	0
Bacteria;Firmicutes;Erysipelotrichia;Erysipelotrichales;Erysipelotrichaceae;Eggerthia;catenaformis	0	0
Bacteria;Firmicutes;Firmicutes_unclassified;Firmicutes_unclassified;Firmicutes_unclassified;Firmicutes_unclassified;Firmicutes_unclassified	0	0
Bacteria;Firmicutes;Negativicutes;Selenomonadales;Selenomonadaceae;Selenomonadaceae_unclassified;Selenomonadaceae_unclassified	0	0
Bacteria;Firmicutes;Negativicutes;Selenomonadales;Selenomonadaceae;Selenomonas;sp._HMT_133	0	0
Bacteria;Firmicutes;Negativicutes;Veillonellales;Veillonellaceae;Veillonella;Veillonella_unclassified	0	0
Bacteria;Firmicutes;Negativicutes;Veillonellales;Veillonellaceae;Veillonella;denticariosi	0	0
Bacteria;Firmicutes;Negativicutes;Veillonellales;Veillonellaceae;Veillonella;sp._HMT_917	0	0
Bacteria;Firmicutes;Negativicutes;Veillonellales;Veillonellaceae;Veillonellaceae_unclassified;Veillonellaceae_unclassified	0	0
Bacteria;Fusobacteria;Fusobacteriia;Fusobacteriales;Fusobacteriaceae;Fusobacterium;Fusobacterium_unclassified	0	0
Bacteria;Fusobacteria;Fusobacteriia;Fusobacteriales;Fusobacteriaceae;Fusobacterium;hwasookii	0	0
Bacteria;Fusobacteria;Fusobacteriia;Fusobacteriales;Fusobacteriaceae;Fusobacterium;sp._HMT_204	0	0
Bacteria;Fusobacteria;Fusobacteriia;Fusobacteriales;Fusobacteriaceae;Fusobacterium;sp._HMT_248	0	0
Bacteria;Fusobacteria;Fusobacteriia;Fusobacteriales;Leptotrichiaceae;Leptotrichia;Leptotrichia_unclassified	0	0
Bacteria;Fusobacteria;Fusobacteriia;Fusobacteriales;Leptotrichiaceae;Leptotrichia;sp._HMT_218	0	0
Bacteria;Fusobacteria;Fusobacteriia;Fusobacteriales;Leptotrichiaceae;Leptotrichia;sp._HMT_909	0	0
Bacteria;Gracilibacteria_(GN02);Gracilibacteria_(GN02)_[C-2];Gracilibacteria_(GN02)_[O-2];Gracilibacteria_(GN02)_[F-2];Gracilibacteria_(GN02)_[G-2];bacterium_HMT_873	0	0
Bacteria;Proteobacteria;Alphaproteobacteria;Rhodospirillales;Acetobacteraceae;Roseomonas;gilardii	0	0
Bacteria;Proteobacteria;Betaproteobacteria;Neisseriales;Neisseriaceae;Eikenella;sp._HMT_011	0	0
Bacteria;Proteobacteria;Betaproteobacteria;Neisseriales;Neisseriaceae;Neisseria;cinerea	0	0
Bacteria;Proteobacteria;Betaproteobacteria;Neisseriales;Neisseriaceae;Neisseria;macacae	0	0
Bacteria;Proteobacteria;Betaproteobacteria;Neisseriales;Neisseriaceae;Neisseria;sp._HMT_018	0	0
Bacteria;Proteobacteria;Betaproteobacteria;Neisseriales;Neisseriaceae;Neisseria;sp._HMT_499	0	0
Bacteria;Proteobacteria;Betaproteobacteria;Neisseriales;Neisseriaceae;Neisseriaceae_[G-1];bacterium_HMT_174	0	0
Bacteria;Proteobacteria;Betaproteobacteria;Neisseriales;Neisseriaceae;Neisseriaceae_[G-1];bacterium_HMT_327	0	0
Bacteria;Proteobacteria;Deltaproteobacteria;Desulfovibrionales;Desulfovibrionaceae;Desulfovibrio;sp._HMT_040	0	0
Bacteria;Proteobacteria;Gammaproteobacteria;Pasteurellales;Pasteurellaceae;Aggregatibacter;Aggregatibacter_unclassified	0	0
Bacteria;Proteobacteria;Gammaproteobacteria;Pasteurellales;Pasteurellaceae;Haemophilus;haemolyticus	0	0
Bacteria;Proteobacteria;Gammaproteobacteria;Pasteurellales;Pasteurellaceae;Haemophilus;sp._HMT_036	0	0
Bacteria;Proteobacteria;Gammaproteobacteria;Pasteurellales;Pasteurellaceae;Haemophilus;sp._HMT_908	0	0
Bacteria;Proteobacteria;Gammaproteobacteria;Pasteurellales;Pasteurellaceae;Haemophilus;sputorum	0	0
Bacteria;Proteobacteria;Gammaproteobacteria;Pseudomonadales;Moraxellaceae;Moraxella;Moraxella_unclassified	0	0
Bacteria;Proteobacteria;Gammaproteobacteria;Pseudomonadales;Moraxellaceae;Moraxella;osloensis	0	0
Bacteria;Saccharibacteria_(TM7);Saccharibacteria_(TM7)_[C-1];Saccharibacteria_(TM7)_[O-1];Saccharibacteria_(TM7)_[F-1];Saccharibacteria_(TM7)_[G-1];bacterium_HMT_488	0	0
Bacteria;Saccharibacteria_(TM7);Saccharibacteria_(TM7)_[C-1];Saccharibacteria_(TM7)_[O-1];Saccharibacteria_(TM7)_[F-1];Saccharibacteria_(TM7)_[G-1];bacterium_HMT_869	0	0
Bacteria;Saccharibacteria_(TM7);Saccharibacteria_(TM7)_[C-1];Saccharibacteria_(TM7)_[O-1];Saccharibacteria_(TM7)_[F-1];Saccharibacteria_(TM7)_[G-4];bacterium_HMT_355	0	0
Bacteria;Spirochaetes;Spirochaetia;Spirochaetales;Spirochaetaceae;Treponema;putidum	0	0
Bacteria;Spirochaetes;Spirochaetia;Spirochaetales;Spirochaetaceae;Treponema;sp._HMT_236	0	0
Bacteria;Spirochaetes;Spirochaetia;Spirochaetales;Spirochaetaceae;Treponema;sp._HMT_239	0	0
Bacteria;Spirochaetes;Spirochaetia;Spirochaetales;Spirochaetaceae;Treponema;sp._HMT_249	0	0
Bacteria;Spirochaetes;Spirochaetia;Spirochaetales;Spirochaetaceae;Treponema;sp._HMT_252	0	0
Bacteria;Spirochaetes;Spirochaetia;Spirochaetales;Spirochaetaceae;Treponema;sp._HMT_260	0	0
Bacteria;Spirochaetes;Spirochaetia;Spirochaetales;Spirochaetaceae;Treponema;sp._HMT_508	0	0
Bacteria;Synergistetes;Synergistia;Synergistales;Synergistaceae;Fretibacterium;Fretibacterium_unclassified	0	0
